Kukiz15;2015-08-10;Wyślij #Kopacz na emeryturę bo #kolejnaEwe nie chcesz imigrantów głosuj na @pisorgpl lub @Kukiz15
Kukiz15;2015-08-11;@ZalewskiDarek @Platforma_org @pisorgpl @Kukiz15 kukiz? Nie bardzo wiem komu powierzylbym rzady w takim wypadku
Kukiz15;2015-08-11;chcesz by #PO sprowadziła do Polski imigrantów głosuj na @Platforma_org jeśli nie to -> głosuj na @pisorgpl lub @Kukiz15 #maszwybor
Kukiz15;2015-08-11;chcesz by dalej w spółkach Skarbu Państwa zasiadali kolesie z #PO głosuj na @Platforma_org jeśli nie to -> głosuj na @pisorgpl lub @Kukiz15
Kukiz15;2015-10-01;@Radio_TOK_FM a gdzie przedstawiciele @partia_korwin i @Kukiz15 ?
Kukiz15;2015-10-04;Trwa kampania a ludzi od @Kukiz15 na TT nie widać zdaje się po śląskiej konwencji są jakieś fotki
Kukiz15;2015-10-08;KdS: Na spotkaniu są obecne przedstawicielki @partiarazem @Zjed_Lewica @nowoczesna @kukiz15 oraz KW Szczęść Boże
Kukiz15;2015-10-11;@Partia_Korwin @Kukiz15NIE GŁOSUJCIE ŻOŁĄDKAMI!!!PS Proszę także o to media nie reklamujcie finansowej demagogi. @tvp_info (2)
Kukiz15;2015-10-13;E.Kruk (PiS) o koalicji z @Kukiz15: Trudno przewidzieć jacy ludzie wejdą z P.Kukizem do parlamentu 2 @TOKFM_NEWS pic.twitter.comUyRuaaIRy
Kukiz15;2015-10-13;E.Kruk (PiS) dla @Radio_TOK_FM o koalicji z @Kukiz15: Rozmowy będą prowadzone dopiero po wyborach gdy poznamy ich wynik 1 @TOKFM_NEWS
Kukiz15;2015-10-14;Co mają wspólnego propozycje @Kukiz15 z liberum veto? Podsumowanie dnia wg Andrzeja Kukuczki http:www.radiokrakow.plziennikarzelogndrzej-kukuczkao-juz-bylo-pani-agnieszko…
Kukiz15;2015-10-17;@kadras1975 @ErykMistewicz @Najwazniejsze Jakiś wybór jest w zależności od preferencji:) @partiarazem @partia_korwin @_Nowoczesna @Kukiz15 ?
Kukiz15;2015-10-18;Wywiad z @kaczynski_pis o 7.15 o @BeataSzydlo  @Jaroslaw_Gowin  czy będzie koalicja @pisorgpl z @NKWPSL i @Kukiz15  http:www.radiokrakow.plluchaj-online
Kukiz15;2015-10-18;@Kukiz15  Pytanie jak zamierzacie rozwiązać problem ludzi co pracują od 15 lat na umiwach śmieciowych.Jaka emerytura?
Kukiz15;2015-10-19;@BGoduslawski @partiarazem @_Nowoczesna @Zjed_Lewica @Kukiz15 @Korwin nie daj się podpuszczać)
Kukiz15;2015-10-19;@LukaszPiechowia @partiarazem @_Nowoczesna @Zjed_Lewica @Kukiz15 @Korwin nie nie zapomnialem )
Kukiz15;2015-10-19;@BGoduslawski @partiarazem @_Nowoczesna @Zjed_Lewica zapomniałeś o @kukiz15 i @KORWiN p
Kukiz15;2015-10-19;@KonradBerkowicz @Kukiz15 różni się od pralki tym że pralka ma program.@lovekrakow
Kukiz15;2015-10-20;Styl i składnia wypowiedzi @Kukiz15 przypomina mi przemówienia Nikosia Dyzmy #debata #wybory2015
Kukiz15;2015-10-20;Józef Byrkus @Kukiz15 debata w @RadioKrakow #oswiecim pieniądz musi iść za pacjentem
Kukiz15;2015-10-22;Przeżyjmy to jeszcze raz: Zapis debaty: http:www.radiokrakow.pliadomoscirakowybory-2015-debata-krakowskich-jedynek… @partia_korwin  @nowoczesna_pl @K_Szczuka @Kukiz15
Kukiz15;2015-10-22;Debata @RadioKrakow Krzysztof Zając @Kukiz15 judaizm islam to również korzenie naszej cywilizacji
Kukiz15;2015-10-23;@Kukiz15 A co pózniej  pózniej to jakoś będzie.
Kukiz15;2015-10-23;@Kukiz15 własnymi a co dopiero nad sprawami państwa.Podstawowy postulat to kupno młota pneumatycznego celem rozwalenia wszystkiego co się da
Kukiz15;2015-10-23;Program @Kukiz15 .Program mało skomplikowany.Odwołujący się do grupy społecznej nie lubiącej czytać a tym bardzie zastanawiać się nad probl.
Kukiz15;2015-10-25;Partia BEZ programu @Kukiz15 ma 2x wiecej mandatow niz partia z programem @nowoczesna_pl #GodsPlayground gonna be mad:)))))))))))
Kukiz15;2015-10-25;@Kukiz15 mam nadziej że Paweł cos zmienisz licze na ciebie
Kukiz15;2015-10-26;@Kukiz15 Wprowadzić na polskich produktach konieczność flagę Państwową by obywatel mógł spierać Polski produkt .
Kukiz15;2015-10-26;@Kukiz15 Wprowadzić dla firm i banków zagranicznych większe podatki .Ulgi dla naszych przedsiębiorców.
Kukiz15;2015-10-26;@Kukiz15 Dobrym systemem jest przykład z Keni tam nie placi się tz.zus tam inny system jest bardziej przejrzysty.
Kukiz15;2015-10-26;@Kukiz15 Wprowadzić minimalna kwotę za pracę stawką 8 euro godzina by żyć godnie.
Kukiz15;2015-10-26;@Kukiz15 Wprowadzić ustawę o odpowiedzialnosci posłów i ministrów . Koniecznie by było można szybciej karać i wykluczać z polityki cwaniaków
Kukiz15;2015-10-26;@Kukiz15 Wprowadzić instytucje posła taka byla przed wojna.Wiele spraw zalatwi .
Kukiz15;2015-10-26;@Kukiz15 jak rozwiązać problem ludzi trwale pracujących na umowach śmieciowych np17 lat?? To nie ich wina że tak muszą zarabiać na życie.
Kukiz15;2015-10-26;@LSigfryd @Kukiz15 @nowoczesna_pl porównując wieści medialne ale poza tym to ((((niebardzo)))) :)))
Kukiz15;2015-10-26;@Pierdziuto jesteś pewny że Nowoczesna ma program? @Kukiz15 @nowoczesna_pl
Kukiz15;2015-10-26;@Pierdziuto @Kukiz15 @nowoczesna_pl Głos wyborcy nie tylko na program ale i sentyment resentyment zaufanie kurs- równie dobre powody
Kukiz15;2015-10-27;#PKW #wybory2015 oficj. podział mandatów: @pisorgpl 235@Platforma_org 138@KUKIZ15 42@_Nowoczesna 28@NKWPSL 16Mniejszość Niemiecka 1
Kukiz15;2015-10-28;@Kukiz15 Witam serdecznie  postulat wyborcy: obserwowanie ustaw w sejmie i głosowań ( kto jak i na co ugrupowaniami )  na bieżąco
Kukiz15;2015-10-29;@niezaleznapl bez Liroya @kukiz15 byłoby drugą siłą w parlamencie
Kukiz15;2015-10-29;@Kukiz15 i podawanie wyników w necie aby młodzi wiedzieli co się dzieje codziennie w sejmie
Kukiz15;2015-11-08;PanTyszka z @Kukiz15 twierdzi że chciał by największa Partia była przygotowana do pełnienia rządów..A ponoć jesteście przeciw partiokracji?
Kukiz15;2015-11-12;Kukiz płacze po usłyszeniu słów Kornela Morawieckiego :)https:www.youtube.comatch?v=rgxJE7_X2sE …@PrezydentKukiz @Exen @michalrachon @Kukiz15
Kukiz15;2015-11-13;@Kukiz15 @ Kornel '15  Pryncypialny niedzisiejszy bohater...http:wiadomosci.onet.plylko-w-onecieornel-morawiecki-kim-jest-marszalek-seniorx05g3 … pic.twitter.comscLfxOFm9
Kukiz15;2015-11-15;Tak się zastanawiam czy ludzieszczególnie z @pisorgpl i @kukiz15 nie widzą że zamykając granicęoddalają problem od siebie tylko (1)
Kukiz15;2015-11-18;@Kulesza_pl @Kukiz15 a jakie jest oficjalne stanowisko w sprawie glosowania przeciw #wotumzaufania?
Kukiz15;2015-11-18;@Romanczuk_Anna @Kukiz15 jest był i będzie przeciw okradaniu obywateli!
Kukiz15;2015-11-18;@cezarykrysztopa Dokładnie.Siarkowska z @Kukiz15 krytykowała rząd który jeszcze formalnie nie istnieje za stan obronności rządu który upadł
Kukiz15;2015-11-18;@Siarkowska- @Kukiz15 wzywa rząd @BeataSzydlo do nie przyjmowania uchodzców
Kukiz15;2015-11-18;Siarkowska z @Kukiz15 krytykuje rząd który jeszcze formalnie nie istnieje za stan obronności rządu który upadł. Głupota czy nieuctwo?
Kukiz15;2015-11-18;@Kuznia1 @Kukiz15 @Platforma_org Kukiz to taka zbieranina ... kilka gwiazd kilku ze służb i paru karierowiczów...
Kukiz15;2015-11-18;Siarkowska z @Kukiz15 a mówi jakby z @Platforma_org Czy młody musi oznaczać niedouczony i bezczelny?
Kukiz15;2015-11-18;Jakubiaku z @Kukiz15 wiele spraw w expoze nie było mowy co było w kampanii wyborczej bo musiałoby trwać godzinami by wszystko powiedzieć? :)
Kukiz15;2015-11-18;Jakubiak przedstawiciel @Kukiz15 chyba nie słuchał wystąpienia PBSz. Całkowicie błędny adres żalów i apelu o "polskim przemysłowcu"
Kukiz15;2015-11-19;@Romanczuk_Anna oficjalne stanowisko @Kukiz15 ws. głosowania przeciw wotum zaufania dla rządu @BeataSzydlo @pisorgpl https:www.facebook.comrezydentKukizhotos.329657520569839.1073741829.32817079405184517974538404803…
Kukiz15;2015-11-21;Czy nowi politycy @PiS @Kukiz15 @pkukiz  @AndrzejDuda zajmą się niekorzystną ustawą o GMO?  Czy będą finansować leczenie zombie?
Kukiz15;2015-11-25;@Platforma_org uciekła z sejmu. Dzięki @pisorgpl i @Kukiz15 odzyskaliśmy Trybunał Konstytucyjny z rąk sitwy z "Nocnej Zmiany"
Kukiz15;2015-11-26;@Kukiz15 Wy przynajmniej od poczatku mowiliscie ze chcecie wszystko rozpieprzyc. Zamach stanu wam na reke (TK ma byc niezalezne!)
Kukiz15;2015-11-30;@woprz @KolendaK @pisorgpl @Kukiz15 żartujesz sobie. ten wyjazd do Chin był zapalnowany już w sierpniu
Kukiz15;2015-11-30;gratuluję @pkukiz @Kukiz15  https:twitter.comGolawskitatus95107478205046784 …
Kukiz15;2015-11-30;@PawelTSlusar no myślę że to jednak ważniejsza sprawa niż spacer po murze .. Nawet chińskim @KolendaK @pisorgpl @Kukiz15
Kukiz15;2015-11-30;@KolendaK @woprz @pisorgpl @Kukiz15 paranoiczna jest pani. a miał ich zaprosić do Chin?
Kukiz15;2015-11-30;@woprz @pisorgpl @Kukiz15 nie tylko
Kukiz15;2015-11-30;@KolendaK a zaproszone jest @pisorgpl i @Kukiz15
Kukiz15;2015-12-01;@JakubPerkowski @styszka @Kulesza_pl @Kukiz15 @PAPinformacje Czy PAPinformacje prowadzą znajomi p.Styszki
Kukiz15;2015-12-01;@JakubPerkowski @styszka @Kulesza_pl @Kukiz15 @PAPinformacje Znajomi p.Styszki?
Kukiz15;2015-12-01;@wjur_witold Żeby publikować informacje?-)lub obserwować @styszka Wybór należy do Ciebie!:-D@Kulesza_pl  @Kukiz15 @PAPinformacje
Kukiz15;2015-12-01;@Kulesza_pl @styszka @Kukiz15 @PAPinformacje Po co oni w ogóle zakładali to konto?
Kukiz15;2015-12-01;@styszka - Wicemarszałek Sejmu RP z @Kukiz15 jedynym obserwowanym przez @PAPinformacje :) https:mobile.twitter.comAPinformacjeollowings … pic.twitter.comPQ2U1B40C
Kukiz15;2015-12-02;@pisorgpl  + @Kukiz15 nadzieją w którą wierzę że doprowadzi Państwo Polskie do"NORMALNOŚCI"
Kukiz15;2015-12-02;@kukiz15 na co wam nowa konstytucja jak obecnej nie szanujecie
Kukiz15;2015-12-02;@tvn24 @Kukiz15  mówi o PO i jego nagannym zachowaniu a tu pstryk i @POLSATNEWS_EU  i @tvn24  przerywają ..gdzie obiektywne media?
Kukiz15;2015-12-08;@tvn24 @Kukiz15 nie pamięta czy brał udział w referendum dot konstytucji musiał być nawalony albo nacpany pytam co dzisiaj bierze bo pierdol
Kukiz15;2015-12-08;@Kukiz15 #apel jest tak samo ciemny jak jego pierwowzór z gry o tron Kaczyński rozpierdala Polskę a oni tylko o zmianie konstytucji ślepi?
Kukiz15;2015-12-09;Poseł Jacek Wilk z @Kukiz15 w @TVRepublikapl  : " wydaje mi się"  ... Można i tak ... pic.twitter.comp7zn4r4sn
Kukiz15;2015-12-10;Żebrowski trafnie: Pokolenie UB @Platforma_org @_Nowoczesna z pokoleniem AK @pisorgpl @Kukiz15
Kukiz15;2015-12-12;Na bazie Stowarzyszenia będą budowane struktury ruchu @pkukiz. Statut dostępny jest na: https:ruchkukiza.pltowarzyszenie. pic.twitter.comkeX5HLa8v
Kukiz15;2015-12-12;@kukiz15 twierdzi że Trybunał wprowadza zamęt ale gdyby Duda od razu zgłosił ustawę PO do Trybunału to by zamętu nie było. Kto robi zamęt?
Kukiz15;2015-12-12;@konstytucja została uchwalona po referendum czy @kukiz15 nie uważa referendum za najważniejsze narzędzie demokracji?
Kukiz15;2015-12-12;@Kukiz15 czy to oficjalny profil?
Kukiz15;2015-12-12;Władze Krajowe Stowarzyszenia na rzecz nowej Konstytucji Kukiz’15 https:ruchkukiza.pltowarzyszenie
Kukiz15;2015-12-13;@Kukiz15 zastanówcie się "partiokracja" zmiana KRP konstytucyjnie prawnie brak wam głosów. Pisowska konstytucja nawet wam się nie spodoba
Kukiz15;2015-12-14;@pio_tru @Kukiz15 @nmaliszewski niech większość ma prawa większości grunt to ich nieograniczać jak chciała PO i PiS
Kukiz15;2015-12-14;@piotrarak @Kukiz15 @nmaliszewski Napisałbym żeś pesymista pewnie odpowiedziałbyś żeś realista... -). IMHO to krok do przodu choć mały.
Kukiz15;2015-12-14;@pio_tru @Kukiz15 @nmaliszewski kogo wybraloby obecnie 2 - watpie by doszło do porozumienia.
Kukiz15;2015-12-14;@piotrarak @Kukiz15 @nmaliszewski Dlaczego? Maciek Pach proponuje też jak instytucjonalne zablokować patowanie: http:jagiellonski24.pl01528aleko-od-samoa-jak-zapewnic-trwaly-pluralizm-i-sprawnosc-dzialania-tk…
Kukiz15;2015-12-14;@pio_tru @Kukiz15 @nmaliszewski 2 głosów to nierealne. Ale zamiast kadencji dozywotniosc to może mieć sens.
Kukiz15;2015-12-14;Pomysł #CAKJ na projekt przerobił @Kukiz15 zbadał @nmaliszewski a Obywatele popierają -)! http:cakj.pl01522cieczka-do-przodu-w-sprawie-trybunalu-potrzebna-zmiana-w-procedurze-wyboru-sedziow… pic.twitter.comph5oHoUZb
Kukiz15;2015-12-16;Po reprymendzie @Kukiz15  posłowie PO z  rozdziawionymi gębami tak jak wczoraj gdy Premier @BeataSzydlo ustawiała ich do pionu.
Kukiz15;2015-12-16;@IBRiS_PL dla SE: 309% @_Nowoczesna 273% @pisorgpl 144% @Platforma_org 79% @Kukiz15 56% PSL  53% ZLewica 39% KORWIN.
Kukiz15;2015-12-17;Posłowie @Kukiz15 zachowują się tak jak na posłów przystało PO+N zioną taką nienawiścią do PIS w swoich wystąpieniach że strach ogarnia.
Kukiz15;2015-12-17;Obalanie sytemu przez @Kukiz15 w praktyce - wstrzymać się od głosu podczas przyjmowania projektu ustawy o TK
Kukiz15;2015-12-17;@PawelOzdoba @_Nowoczesna Na razie merytoryczną i konstruktywna pracą zajmuje się @Kukiz15. Jedyna prawdziwa opozycja w sejmie.
Kukiz15;2015-12-17;@Kukiz15 Wziął na serio propozycje przeniesienia Trybunału Konstytucyjnego do Piotrkowa Trybunalskiego #NowaSiedzibaTK #TK #LOL
Kukiz15;2015-12-17;@Kukiz15 To się nazywa konstruktywna opozycjaa nie maślaki z POZSL i Nowoczesna.  https:twitter.com00politykatatus77458140535906305 …
Kukiz15;2015-12-17;@Kukiz15 no w koncu zaczynacie jakies dzialania generalnie sie z Wami nie zgadzam z tego co Was slucham ale szanuje
Kukiz15;2015-12-18;@styszka no i własnie dlatego musi być Pani transparentna ! :) pozdrawiam klub @Kukiz15
Kukiz15;2015-12-18;@GoscRadiaZET @Kukiz15 nie zawszedelikatny ten Tyszka
Kukiz15;2015-12-18;Stanisław #Tyszka w Radiu ZET: @Kukiz15 będzie domagać się wyjaśnień ws. Centrum Kontrwywiadu NATO. Wyborcza nie zawsze jest rzetelna.
Kukiz15;2015-12-18;Dziś o 8:02 gościem Moniki #Olejnik będzie Stanisław #Tyszka wicemarszałek Sejmu.@styszka @Kukiz15
Kukiz15;2015-12-19;@marta_ Tak to prawda)Pani Premier ma być w programie Rymanowskiego kawa na ławęczyżby w grupie z innymi? @Kukiz15
Kukiz15;2015-12-19;@102_micha @Kukiz15 jutro P.Premier ma być w TVN24ona też potrafi popędzić kota:):) licze na to
Kukiz15;2015-12-19;@marta_czernecka być możeale i dlategoże dyskryminują ich obecnośćby nie osłabiać monolitu dzisiejszych"demonstracji) @Kukiz15
Kukiz15;2015-12-19;@102_micha @Kukiz15 bo nic nie mówią!!! weekendują
Kukiz15;2015-12-19;Od jakiegoś czasu przerzucam kanały w telewizorzejest mnóstwo wywiadówale jak dotądnie widzę żadnego ze sfery rządowej bądź @Kukiz15
Kukiz15;2015-12-19;@GoscRadiaZET @Kukiz15 Czyli czerski traktor ma trzy koła dobre )
Kukiz15;2015-12-20;Spotkanie Wigilijne z posłem @PolGrabowski oraz ekipą z opolskiego z @Kukiz15 pic.twitter.comw8hOaqQwu
Kukiz15;2015-12-20;Wygląda na to że Paweł Kukiz nie prowadzi żadnego z poniższych kont? @KukizPawelKukiz @PrezydentKukiz @pkukiz @kukiz15 
Kukiz15;2015-12-21;@gregorfox @Kukiz15 Najlepiej jak wojownicy "oddolnie" wyznaczą prezesów spółek skarbu państwa...
Kukiz15;2015-12-21;@gregorfox @Kukiz15 ja na miejscu Kukiza byłbym ostrożny z przypominaniem dawnych tekstów. "Ksiądz proboszcz już się zbliża..."
Kukiz15;2015-12-21;@gregorfox @Kukiz15 Oj tam oj tam. Jakby nie można było zmienić zdania przez dekadę :)
Kukiz15;2015-12-21;Przecież to tylko taki mały wyjątek @Kukiz15. Ale jątrzycie. pic.twitter.com8Ggo2fe3X
Kukiz15;2015-12-21;@pisorgpl realizuje program @Kukiz15 robi rozpierduchę a Kukiz w rewanżu ich program realizuje tylko że nie ma 500 zł
Kukiz15;2015-12-21;poseł @Kukiz15 przechodzi do @_Nowoczesna ? http:www.dziennikzachodni.plrtykul215491posel-kukiz15-z-gliwic-opuszcza-klub-przenosi-sie-do-nowoczesnejidt.html … pic.twitter.commeDY24TIJ
Kukiz15;2015-12-21;#gliwice Gliwicki poseł opuszcza klub Kukiz’15. Przeniesie się do Nowoczesnej? http:www.24gliwice.pliadomosciliwicki-posel-opuszcza-klub-kukiz15-przeniesie-sie-do-nowoczesnej… #kobyliński @Kukiz15 @_Nowoczesna
Kukiz15;2015-12-21;@patricias694 @Kukiz15 szczerze to wolę być obrażany niż okradany :)
Kukiz15;2015-12-21;Pośle #PawełKobyliński gratuluje decyzji @Kukiz15 obraża Polaków! w sposób wulgarny ujmujący okropny https:twitter.comolskathetimestatus78919101817987073 …
Kukiz15;2015-12-21;@luzurpator Odejsc ma prawo jak mu juz nie odpowiada @Kukiz15 ale powinien złożyć mandat. To jest uczciwe
Kukiz15;2015-12-21;@pkukiz uciekł poseł do... @RyszardPetru @_Nowoczesna @Kukiz15
Kukiz15;2015-12-21;@PopPolityk @lis_tomasz @_Nowoczesna "podobno" w ustach polityków @Kukiz15 i @pisorgpl to jak obrzucić kogoś łajnem a potem podać mu papier
Kukiz15;2015-12-22;@TygodnikWPROST @MirekVoice07 @Kukiz15 strzelił w ciemno bez dowodów. Ale to prawdopodobne. A może przypomni on #prezydentpl o #Jedwabne ?
Kukiz15;2015-12-22;Tymczasem @Kukiz15 otrzymał w mediach niepubliczych więcej czasu antenowego od @_Nowoczesna #MatematykaNieKłamie http:www.krrit.gov.plrritktualnosciews2176kto-obiektywny-kto-stronniczy-monitoring-wyborow-parlamentarnych-2015.html …
Kukiz15;2015-12-22;Co na to @Kukiz15 ? Prosze o RT drukuhttps:twitter.com_paczkowskitatus79287250291720192 …
Kukiz15;2015-12-22;@JanGrabiec @ZalewskiPawel @pisorgpl @Kukiz15 bo po co. Sami wiedzą lepiej. Tak samo duda wiedział lepiej bez orzeczenia TK.
Kukiz15;2015-12-22;@JanGrabiec @Platforma_org @pisorgpl @Kukiz15 opinii konstytucjonalistów... to moja opinia by była bardziej poważna niż waszych "ekspertów"
Kukiz15;2015-12-22;@panoptykon @hfhrpl czemu tak enigmatycznie ? burzy go @pisorgpl i @Kukiz15
Kukiz15;2015-12-22;@JanGrabiec @ZalewskiPawel @pisorgpl @Kukiz15 Kukiz = PiS. To się potwierdza w każdym wystąpieniu P. Kukiza i w każdym głosowaniu.
Kukiz15;2015-12-22;@JanGrabiec @Platforma_org @pisorgpl @Kukiz15 Kazda partia ma "swoich "konstytucjonalistow ktorzy udowadniac beda ze to ich partia ma racje.
Kukiz15;2015-12-22;@JanGrabiec @Platforma_org @pisorgpl @Kukiz15 *przegłosujecie
Kukiz15;2015-12-22;@JanGrabiec Tych samych konstytucjonalistów co opiniowali waszą ustawę? @Platforma_org @pisorgpl @Kukiz15
Kukiz15;2015-12-22;@JanGrabiec @Platforma_org @pisorgpl @Kukiz15 jak to szło? "Jak będziecie mieli większość to sobie przygotujecie."
Kukiz15;2015-12-22;@JanGrabiec @Platforma_org @pisorgpl @Kukiz15 Janie Grabiec ty też za systemem sanhedrynu TK on już zastosowany u ajatollahów w Iranie
Kukiz15;2015-12-22;@JanGrabiec @pisorgpl @Kukiz15 Oni jak zwykle są za bezprawiem.
Kukiz15;2015-12-22;Sejm: posłowie @pisorgpl i @Kukiz15 przeciw wstrzymaniu prac nad ustawą o TK do czasu przedstawienia opinii konstytucjonalistów o projekcie
Kukiz15;2015-12-22;@tvn24 Przez 8 lat nic się nie robiło teraz większość zdziwiona. @Kukiz15 boju o lepsze jutro !
Kukiz15;2015-12-23;@Gosc_Niedzielny @Franaszek Tak się kończy składanie list wyborczych 'z łapanki' . Ciekawe ilu jeszcze kretów ma @Kukiz15 i dokąd pójdą?
Kukiz15;2015-12-23;@krystynamiotek2 @Platforma_org @pisorgpl @Kukiz15 Prace nad ustawą z poprzedniej kadencji trwały 15 roku i było 8 opinii prawnych
Kukiz15;2015-12-23;@JanGrabiec @Platforma_org @pisorgpl @Kukiz15 Kiedy PO się konsultowało w czarwcu chcecie zablokować uchwalenie nowych ustaw
Kukiz15;2015-12-24;@polskathetimes oto prawda o @pawelkowalpl i @Kukiz15
Kukiz15;2015-12-26;@Kukiz15 @_Nowoczesna @RepublikaTV Finansowanie parti z budżetu nie jest złe bo przeciwdziałą korupcji @prageru https:www.youtube.comatch?v=at82C8E8HUE …
Kukiz15;2015-12-29;@MartaJezewska @RepublikaTV @Kukiz15 Dziękuję..obyjego wybrali wyborcy.Pozdrawiam
Kukiz15;2015-12-29;Ale @Kukiz15  to mial cedzic tych kandydatow ale slabo to jakos poszlo patrzac na debate. Ciechan jedynie wyjsciowy.
Kukiz15;2015-12-29;@DidiDlugosz @Kukiz15 chyba liczy na kawałek medialnego tortu
Kukiz15;2015-12-29;@MartaJezewska @RepublikaTV @Kukiz15 I tak @styszka jest ciekawy w zarządzaniu :)
Kukiz15;2015-12-29;@MartaJezewska @RepublikaTV @Kukiz15 Pani Marto trochę z szacunkiem gdyż o Pani też pisali"nowa gwiazda TV Republika" zapomniało się?
Kukiz15;2015-12-29;#Kloc o @EMichalik a wcześniej ktoś z @Kukiz15 o @lis_tomasz posłowie @pis Was kochają wszak ciągle o Was )
Kukiz15;2015-12-29;@MartaJezewska @RepublikaTV @Kukiz15 I smiech... Kurwa smiech...
Kukiz15;2015-12-29;Nie rozumiem -taki cwaniaczek Janusz Sanocki wszedł na plecach @Kukiz15 do Sejmu a treaz występuje jako niezrzeszony? Wywalić na zbity pysk!
Kukiz15;2015-12-29;@Kukiz15  A dlaczego tak?
Kukiz15;2015-12-29;Nie sądziłem że kiedykolwiek zgodzę się z @Kukiz15  https:twitter.comtyszkatatus81872929450274817 …
Kukiz15;2015-12-29;@pisorgpl rozdaje swoim (funkc. publicznym) tak jak @Platforma_org Reformy jak zwykle niepotrzebne. Skończą jak #AWS .@Kukiz15 -100% racja
Kukiz15;2015-12-29;Wypowiedź posła @TJaskola z @Kukiz15 w sprawie edukacji.https:www.youtube.comatch?v=87gArvemPcU#t=157 …
Kukiz15;2015-12-30;@Kulesza_pl @Kukiz15 @pisorgpl a przeszła?
Kukiz15;2015-12-30;@ZielonaGaska ale @Kukiz15 w takim rozkroku że się zaraz zesrają widać co by było bez  większości @pisorgpl
Kukiz15;2015-12-30;Poprawka @Kukiz15 ograniczająca ustawę @pisorgpl o mediach pokazała że pozostała pseudoopozycja jest bardziej pisowska niż @pisorgpl
Kukiz15;2015-12-30;@ppalka @Kukiz15 @pkukiz @_Nowoczesna @RyszardPetru Jestem wielce ciekaw czemu pana Kukiza "jak ja was kur*% nienawidzę" nikt nie chce w tv.
Kukiz15;2015-12-30;@Komentuje narazie @Kukiz15 merytorycznie czasem za czasem przeciw a nie jak jakieś tępe kasztany które nic nie poprą nawet gdy dobre
Kukiz15;2015-12-30;@pkukiz @Kukiz15 oto głos "przystawki".... https:twitter.com00politykatatus82174890691137536 …
Kukiz15;2015-12-30;@Kukiz15 czy bedziecie zajmowac stanowisko w spr podwyzek cen lekow immunopresyjnych?
Kukiz15;2015-12-30;@wybranowski to może na wymianę Go do @Kukiz15 :D
Kukiz15;2015-12-30;Według lidera @Kukiz15 --> Tysiąc Kukizów = Milion obywateli :)) Się uśmiałem ... #przelicznik
Kukiz15;2015-12-30;@_Nowoczesna walczy z systemem który  bardzo  spodobał  się @Kukiz15. Wyborcy  Kukiza mają prawo czuć się oszukani  https:twitter.comamPereira_tatus81985996964139011 …
Kukiz15;2015-12-30;@aticpl @Kukiz15 @styszka @JaBrzozaJa szybko się uczy a brzęczy kto nie koniec czasu a znak że się kończy
Kukiz15;2015-12-30;czy @Kukiz15 otrzyma coś w mediach publicznych za piękne wiernopoddańcze i karne wystąpienie marszałka sejmu Staśka Tyszki? @styszka
Kukiz15;2015-12-30;Wicemarszałek @styszka to jest w partii opozycyjnej czy rządzącej bo "leci Kuchcińskim" aż miło. @Kukiz15 walczy o kawałek medialnego tortu.
Kukiz15;2015-12-31;Szczęśliwego 2016 wyborcom i politykom! @pisorgpl @Platforma_org @_Nowoczesna @sldpoland @partiarazem @LudowcyPSL @Kukiz15 @partia_korwin
Kukiz15;2015-12-31;@tvp_info @AndrzejHalicki  zgadza  się musicie! @_Nowoczesna @OfficialPSL @partiarazem @barbaraanowacka @sldpoland @Kukiz15
Kukiz15;2016-01-01;. @SawiczSulima @Cezamiro Świetny pomysł -  sprawiedliwy przejrzysty @pisorgpl @Platforma_org @_Nowoczesna @Kukiz15 - warto wziąć pod uwagę
Kukiz15;2016-01-02;Niedzielna Loża Radiowa 3.01 o nowej porze emisji! 11:05 - 11:55 @PiS_Opole @Platforma_org @Kukiz15 @_Nowoczesna @NiemcywPolsce @LudowcyPSL
Kukiz15;2016-01-02;@LBalcerowicz Dlaczego nie promuje Pan @Kukiz15 które walczy o społeczeństwo obywatelskie?
Kukiz15;2016-01-04;@LBalcerowicz @MichaMurawski78 @Kukiz15 Nazwanie Żyda Żydem to antysemityzm? Od kiedy?
Kukiz15;2016-01-04;@LBalcerowicz @Kukiz15 Paweł Kukiz potrafi dogadać się z każdym także z Żydem. Warunkiem jest żeby to był uczciwy Żyd chcący dobra Polski.
Kukiz15;2016-01-04;@MichaMurawski78 @Kukiz15 Przy pomocy antysemickich wypowiedzi Kukiza i innych jego wyzwisk?
Kukiz15;2016-01-06;@JusiaCombo @pis @Kukiz15 @pkukiz @AndrzejDuda zgadzam  się z Tobąprodukty powinny być wyraźnie oznaczonebo samego postępu nie zatrzymamy.
Kukiz15;2016-01-06;@Kukiz15 Kto cię zwerbował zdrajco? Kto jest twoim prowadzącym w FSB? Wiesz co patrioci przed wojną robili z konfidentami? Putinossak'15...
Kukiz15;2016-01-07;@maxkolonko Panie Mariuszu czy może pan potwierdzić doniesienia @Newsweek jakoby miałby pan reprezentować @Kukiz15 we władzach TVP.
Kukiz15;2016-01-08;@Kukiz15 Witam Panie Pawle. Dziękuję za zainteresowanie moją skromną osobą. Pozdrawiam serdecznie :)
Kukiz15;2016-01-08;@Kukiz15 dziękuję za #FF - pozdrawiam i życzę samych dobrych treści)
Kukiz15;2016-01-08;@Kukiz15 @jakubiak_marek @JunckerEU @MartinSchulz Polski naród śledzi z uwagą rozwój sytuacji w Niemczech!
Kukiz15;2016-01-08;@AlbertRejdych @MCupial777 @pisorgpl @Kukiz15 Oj kolego ten układ nie padnie jeszcze długo.Może na szczycie tak ale od woj.w dół trzyma sie.
Kukiz15;2016-01-08;@Kukiz15 @piotrapel @RyszardPetru Słabo to wyglada po str .N fakt ale w konkurencji na lidera opozycji to Wy jednak nie startujecie )
Kukiz15;2016-01-08;@Kukiz15 Czy to oficjalny profil klubu?
Kukiz15;2016-01-08;@Kukiz15 zgłaszam gotowość do pracy! https:twitter.comukiz15tatus85473501764022272 …
Kukiz15;2016-01-08;@Kukiz15 @styszka @jakubiak_marek @JunckerEU @MartinSchulz dokładnie bo się martwię że nasi sąsiedzi stają się Państwem Totalitarnym
Kukiz15;2016-01-08;@Kukiz15 @Kulesza_pl @RyszardPetru To niestety potwierdzenie że poparcie społeczne zdobywa się robieniem PR-u a nie solidną pracą. :(
Kukiz15;2016-01-08;Niepotrzebne pozorowanie własnej naiwności @Kukiz15  https:twitter.comzeczpospolitatatus85499730273501184 …
Kukiz15;2016-01-08;@Kukiz15 @zyziza @RyszardPetru Na tym właśnie polega nowoczesna'' praca.Na ściemie biciu piany i wskakiwaniu w buty lidera opozycji''.
Kukiz15;2016-01-08;@Kukiz15 @AdamDee_pl @RyszardPetru uszkodzone tylko kolano? Czy tomografię Pan robił?
Kukiz15;2016-01-08;@AdamDee_pl @Kukiz15 @RyszardPetru @mac_jakub Kukizów rzecz jasna! Nie tam jakichś Ryśków co to tylko by przerywali....
Kukiz15;2016-01-08;@Kukiz15 @RyszardPetru Polubiam Was z lekka :)
Kukiz15;2016-01-08;@Kukiz15 Ale na czas antenowy to miażdży wszystkich :))))) @RyszardPetru @mac_jakub
Kukiz15;2016-01-08;Posłowie związani z @RuchNarodowy najlepiej z @Kukiz15 prezentują się w Sejmie. Ich strata przez @pkukiz byłaby dużym osłabieniem.
Kukiz15;2016-01-08;@Kukiz15 @RyszardPetru no co by nie mówić napracowali się:) ale i tak Petru jest gwiazdą "obiektywnych"  mediów
Kukiz15;2016-01-08;Układ pookrągłostołowy pada. Władza ma idealną okazję by nakazać zmienić wszystkie komunistyczne nazwy ulic! @pisorgpl @Kukiz15 zróbcie to!
Kukiz15;2016-01-08;@Lukasz_Rogojsz a Ty wierzysz że Petru przed PIS? jasne @IBRiS_PL @onetpl @_Nowoczesna @pisorgpl @Platforma_org @Kukiz15
Kukiz15;2016-01-08;@Lukasz_Rogojsz @IBRiS_PL @onetpl @_Nowoczesna @pisorgpl @Platforma_org @Kukiz15 Gratuluję samopoczucia. Życzę wygranych wyborów za 4 lata.
Kukiz15;2016-01-08;@hankbukow Wiadomo jak wszystkie w których PiS nie wygrywa. )) @IBRiS_PL @onetpl @_Nowoczesna @pisorgpl @Platforma_org @Kukiz15
Kukiz15;2016-01-08;@Lukasz_Rogojsz haha przecież to wymyślony sondaż @IBRiS_PL @onetpl @_Nowoczesna @pisorgpl @Platforma_org @Kukiz15
Kukiz15;2016-01-08;@Kukiz15 dziękuję za okazane zaufanie. do zobaczenia. @oloziolo
Kukiz15;2016-01-08;@MrWaski 2 udowodniłem że wcale nie więc chybiony zarzut. @IBRiS_PL @onetpl @_Nowoczesna @pisorgpl @Platforma_org @Kukiz15
Kukiz15;2016-01-08;@MrWaski Nie tak dawno temu na podstawie badań z kamp. parlamentarnej 1 @IBRiS_PL @onetpl @_Nowoczesna @pisorgpl @Platforma_org @Kukiz15
Kukiz15;2016-01-08;@homoterrorysta @Kukiz15 @RyszardPetru ten jeden raz się z nimi zgodzę a niech mają 
Kukiz15;2016-01-08;@Lukasz_Rogojsz @IBRiS_PL @onetpl @_Nowoczesna @pisorgpl @Platforma_org @Kukiz15 Źle pan rozumiesz. IBRiS ma zbyt duże odchyłki od reszty.
Kukiz15;2016-01-08;@MrWaski Rozumiem: jak w ich sondażach wygrywał PiS to kłamstw nie było. @IBRiS_PL @onetpl @_Nowoczesna @pisorgpl @Platforma_org @Kukiz15
Kukiz15;2016-01-08;@szachmad @Kukiz15 @PKruczkowski15 @rzeczpospolita  wreszcie
Kukiz15;2016-01-08;Najnowszy sondaż @IBRiS_PL dla @onetpl: @_Nowoczesna przed @pisorgpl @Platforma_org i @Kukiz15  https:twitter.comnetWiadomoscitatus85470159411245058 …
Kukiz15;2016-01-08;@Kukiz15 @RyszardPetru dodajcie po i pis. Z 3 maluchów najlepiej
Kukiz15;2016-01-08;@tomzgl okaże się ale brakowało konta na Twitterze @rzeczpospolita @Kukiz15 @PKruczkowski15
Kukiz15;2016-01-08;@Kukiz15 @Kulesza_pl @RyszardPetru a program przepisał z manifestu PKWN. Cała władza w ręce .NOwoczesnego ludu.
Kukiz15;2016-01-08;@Kukiz15 @Kulesza_pl @RyszardPetru Ale wniosków o przerwę w obradach sejmu N ma najwięcej :)
Kukiz15;2016-01-08;@szachmad @rzeczpospolita @Kukiz15 @PKruczkowski15 ofensywę czy rozpierduchę ?
Kukiz15;2016-01-08;.@RyszardPetru ogłosił się liderem opozycji. "Czyny nie słowa" - pozycji lidera nie zdobywa się w TV tylko w Sejmie pic.twitter.comNoEWAhI4a
Kukiz15;2016-01-08;Chyba po raz pierwszy @Kukiz15 prezentuje cos ciekawego: reforme finansowania partii. http:www.rp.plukiz1560109608-Kukiz-chce-zabrac-pieniadze-partiom.html …
Kukiz15;2016-01-08;dlaczego na twiterze konto Kukiza @kukiz15 wystartowalo dopiero teraz https:twitter.comzachmadtatus85469708087353344 …
Kukiz15;2016-01-08;Ruch @Kukiz15 zapowiada ofensywę w social media. Koordynatorem @PKruczkowski15 @rzeczpospolita poznała szczegóły: http:www.rp.plukiz1560109519-Ofensywa-Kukiz15-w-social-media.html …
Kukiz15;2016-01-08;@Kukiz15 @jakubiak_marek @JunckerEU @MartinSchulz jak Kuba Bogu tak Bóg Kubie
Kukiz15;2016-01-09;@Kukiz15 @BlackXSun @styszka @tvn24 Niech zada pytanie o instytucji posła i ustawie o odp posłów ministrów i urzędników! !!
Kukiz15;2016-01-09;@elWiktor Szanowny Panie nie małpować nie podlegać manipulacji i zacząć myśleć. @adu_sade @styszka @Kukiz15 @_Nowoczesna @RyszardPetru
Kukiz15;2016-01-09;@jakubiak_marek @Kukiz15 Petru - gwiazda tak szerokiego formatu że nie mieścił się na jednym kanale a teraz nawet i ten jeden nie zostanie
Kukiz15;2016-01-09;#Kukiz15 w #media.ch niedz. 9:00 @jakubiak_marek w @Radio_ZET  9:45 @piotrapel w @tvp_info 10:45 @styszka w @tvn24 pic.twitter.comD4ILKsqBM
Kukiz15;2016-01-09;@Kukiz15 Dziś pod Szczecinem robocze spotkanie zwolenników wojowników sympatyków Stowarzyszenia K'15 OW41 i OW40 pic.twitter.comnWwSMAqNI
Kukiz15;2016-01-09;@Kukiz15 @styszka ciekawe czy Pani Mundra z .N będzie. Po ostatnim show w Polsacie pewnie chciałaby się zrehabilitować 
Kukiz15;2016-01-09;@martamoss @styszka @Kukiz15 @_Nowoczesna  co za język taki Nowoczesny!
Kukiz15;2016-01-09;@styszka @_nowoczesna @kukiz15 @a_wojarnik zamiast kwękaćtrzeba było najpierw pomyślećjak żyć.
Kukiz15;2016-01-09;@styszka @Kukiz15 @_Nowoczesna Mają! Było z nich nie rezygnować i założyć partię a nie stowarzyszenie. Cwaniaki od Petru was wydymały(
Kukiz15;2016-01-09;@styszka @BorucJan @Kukiz15 @_Nowoczesna. Myślę że partie powinny otrzymywać subwencje to uchroni nieuczciwych od korupcji. Potem zobowiaz
Kukiz15;2016-01-09;@styszka @BorucJan @Kukiz15 @_Nowoczesna i jeszcze Rysiu się na nartach wyjebał. Pokraki
Kukiz15;2016-01-09;Jutro (niedziela) o 10:45 @styszka będzie w @tvn24 u B.Rymanowskiego w programie "Kawa na ławę" #Kukiz15 w #media.ch pic.twitter.com6myBqRuhW
Kukiz15;2016-01-09;@styszka @Kukiz15 Popieram nie maja sensu @_Nowoczesna
Kukiz15;2016-01-09;@Kukiz15 Kto jutro w Kawa na ławę ?
Kukiz15;2016-01-09;@Cooler_79 @pobozy @styszka @Kukiz15 @_Nowoczesna @RyszardPetru ja nie wiem czy ciezko . Po prostu nie uwzglednili PO .
Kukiz15;2016-01-09;.@Kulesza_pl: Zdarzenia z Kolonii przejawem zagrożenia niemieckiej demokracji braku wolności ich mediów i walki cywilizacyjnej w Europie Z.
Kukiz15;2016-01-09;@elWiktor @adu_sade @styszka @Kukiz15 @_Nowoczesna @RyszardPetru Pan tutaj prezentuje przykład merytorycznej wypowiedzi. Kłaniam się.
Kukiz15;2016-01-09;@styszka @stefanhambura @Kukiz15 @_Nowoczesna oczywiście że mają no chyba że #dobrazmiana na polegać na siedzeniu w kieszeni zachodnich firm
Kukiz15;2016-01-09;@Cooler_79 @pobozy @styszka @Kukiz15 @_Nowoczesna @RyszardPetru no jak to ? PO
Kukiz15;2016-01-09;@Kukiz15 Jestem z Wami! Trzymam kciuki. Powodzenie
Kukiz15;2016-01-09;@Kukiz15 #Kukiz15 Ciekawe czy "zachodnie media" o tym wspomną?
Kukiz15;2016-01-09;Krótki komentarz od @RobertWinnicki z #Kukiz15 w sprawie ostatnich aktów przemocy wobec kobiet w Niemczech. pic.twitter.comDtKsBPwi0
Kukiz15;2016-01-09;@Evelllynee @szachmad @bogdan607 @styszka @Kukiz15 @_Nowoczesna @RyszardPetru Nie jest sztuka napisac projekt jakiegos bzdetu.
Kukiz15;2016-01-09;@szachmad @bogdan607 @styszka @Kukiz15 @_Nowoczesna @RyszardPetru pewnie specjalnie taka bo wiedzą że odrzucą.
Kukiz15;2016-01-09;@Kukiz15 czy macie coś do podpisania
Kukiz15;2016-01-09;@Kukiz15 RTMarian Kowalski o Polskich Mediach za czasów PO. Całość http:bit.lymNf9En  pic.twitter.comJUlf8Z45Z
Kukiz15;2016-01-09;@styszka @Kukiz15 @_Nowoczesna Czy Nowoczesna ma sens? Po co przepłacać.
Kukiz15;2016-01-09;@styszka Szlachta nie pracuje :DSzlachta sprawdza jak pracują inni :D@Kukiz15 @_Nowoczesna @RyszardPetru @Geriarex
Kukiz15;2016-01-09;@szachmad aha zapowiadała :) no to czekam bo to bzdurny zapis jest @styszka @Kukiz15 @_Nowoczesna @RyszardPetru
Kukiz15;2016-01-09;@bogdan607 .Nowoczesna zapowiadała. @styszka @Kukiz15 @_Nowoczesna @RyszardPetru
Kukiz15;2016-01-09;@szachmad kogo? @styszka @Kukiz15 @_Nowoczesna @RyszardPetru
Kukiz15;2016-01-09;@Kukiz15 Dobrze. Jak chcieli zrobić nam tak niech najpierw sami mają.
Kukiz15;2016-01-09;@Kukiz15 @DwaLiskiUrwiski kochani jesteście
Kukiz15;2016-01-09;#Kukiz15 wobec skandalicznego działania niemieckich mediówukrywających fakt aktów przemocy wobec tamtejszych kobiet pic.twitter.comGtZ6buJ95
Kukiz15;2016-01-09;@styszka @stefanhambura @Kukiz15 @_Nowoczesna ilość posłów razy pensja plus dodatków razy ilość miesięcy to ile wychodzi na interpelację?
Kukiz15;2016-01-09;@JPorwich @Kukiz15 To ci "biedni" co musza po urzedach pracowac wiekszosc wyjechala z tego Gorzowskiego eldorado za miedze reichuk
Kukiz15;2016-01-09;@slawek_mm @Kukiz15 To nie naród niemiecki plecie! To Merkel oszalała!
Kukiz15;2016-01-09;@Kukiz15 Widzę tu samych mężczyzn? Czy będziecie na bronić? Podpiszcie petycje Maksa Kolonko do Prezydenta o prawo do broni!
Kukiz15;2016-01-09;O ironio Liroy kreowany na clowna przed wyborami daje przykład że jest wśród @Kukiz15 najmądrzejszy. Czarna owca https:twitter.comizinievictatus85867682957242368 …
Kukiz15;2016-01-09;@Kukiz15 Kto ma zebrać 100000 podpisów pod petycją do Sejmu w tej sprawie?
Kukiz15;2016-01-10;Już jutro (11.01) w Bielsku-Białej spotkanie otwarte z posłami: Pawłem Kukizem i Jerzym Jachnikiem. Zapraszamy! pic.twitter.comeMQaopiZe
Kukiz15;2016-01-10;A może zrobić jaką dużą manifestację w obronie #demokracja w #Niemcy pod ambasadą? Co wy na to? #HelpGermanyDefendDemocracy @Kukiz15
Kukiz15;2016-01-10;@gregorfox Dziękujemy bardzo :)
Kukiz15;2016-01-10;@Kukiz15 @malyy5 @Andruszkiewicz1 dobrze uważasz nastroje sa znane wiec po za kazdym razemrozpisywać referendum? Po to wybiera sie polityków
Kukiz15;2016-01-10;#Kukiz15 w #media.ch - występy naszych posłów podsumowanie tygodnia https:www.facebook.comlubPoselskiKukiz15hotos.329657520569839.1073741829.32817079405184531193980416192type=3 … pic.twitter.coms5MBui6SU
Kukiz15;2016-01-10;@Kukiz15 @styszka Święte słowa - wpierw repatrianci potem uchodźcy z Afryki i Bliskiego Wschodu.
Kukiz15;2016-01-10;@Kukiz15 Islamizacja Europy to nie przypadek. To Efekt celowego działania. Jak nie powiemy STOP czeka nas to samo! pic.twitter.comERqCWrmNH
Kukiz15;2016-01-10;@Kukiz15 @styszka @tvn24 Uważajcie byście sami nie zaczęli histeryzować. )
Kukiz15;2016-01-10;@Kukiz15 @styszka @tvn24 coś słabo Polacy oceniają tą waszą merytorykę widać to w sondażach 
Kukiz15;2016-01-10;@Kukiz15 @styszka @tvn24 "Miłuj bliźniego swego jak siebie samego."
Kukiz15;2016-01-10;@Kukiz15 @Andruszkiewicz1 pozdrawiamy. pic.twitter.com3fRw3nK3Z
Kukiz15;2016-01-10;@Kukiz15 @styszka @tvn24 U.. a było jakieś referendum w tej sprawie?
Kukiz15;2016-01-10;@Kukiz15 @piotrapel @tvp_info Nie róbmy paniki z powodu wypowiedzi jednego zachodniego polityka. Zachowajmy godność i spokój.
Kukiz15;2016-01-10;.Poseł @Andruszkiewicz1 o rozpisaniu referendum ws. przyjęcia do Polski imigrantów.Decyzja powinna należeć do narodu pic.twitter.comaq0lk3Jx6
Kukiz15;2016-01-10;@styszka @Kukiz15 @RyszardPetru Niech sam przyjmie z 2 lub 3 i tym samym da przykład. Skoro to taki moralny obowiązek.
Kukiz15;2016-01-10;@piotrapel @Kukiz15 @styszka @zaorany @SamPereira_ bardzo ambitny projekt ustawy jak na @_Nowoczesna przystało.
Kukiz15;2016-01-10;@piotrapel @Kukiz15 @styszka @zaorany @SamPereira_ No tak a potem wszyscy siedzą na społecznościowych i bawią się w bazar -)
Kukiz15;2016-01-10;@EKolakowska @Kukiz15 @styszka @zaorany @SamPereira_  zupelnie bez sensu.. Teoretycznie by miec chwile na zastanowienie z dala od bodźców..
Kukiz15;2016-01-10;@Kukiz15 @styszka Pani z .N: .N zawsze była za pomaganiem na miejscu bo taniej i za wzmoc. Granic (...)a było tak:  http:m.fakt.plydarzeniaolityka1zl6ed …
Kukiz15;2016-01-10;@piotrapel @Kukiz15 @styszka @zaorany @SamPereira_ @_Nowoczesna he he fakt. Swoją drogą w jakim celu została wprowadzona cisza?
Kukiz15;2016-01-10;.@styszka o tym kto jest w Polsce suwerenem.Ubolewamy nad tym że głos suwerena jest tak rzadko kluczowy dla władzy. pic.twitter.comIEnfnHeOf
Kukiz15;2016-01-10;@styszka @Kukiz15 W polskie kwoty trzeba włączyć repatriantów i uchodźców z Ukrainy. A w ogóle uchodźcy arabscy do nas nie chcą przyjeżdżać.
Kukiz15;2016-01-10;@Kukiz15 @styszka @zaorany @SamPereira_  @_Nowoczesna  chce zniesienia ciszy wyb nie mozna pozwolic by byl choc jeden dzien bez Petru w TV
Kukiz15;2016-01-10;@Kukiz15 @GreenZone1973 Idąc tą drogą(myślenia) Szulc może oskarżyć Kukiza że jego praprzodek mógł jako kanibal zeżreć  praprzodka Szulca.
Kukiz15;2016-01-10;@Kukiz15 @styszka @tvn24 i nie dajmy się zmanipulować..to że nie chcemy uchodzcow nie oznacza że jestesmy zasciankowymi.ksenofobami...
Kukiz15;2016-01-10;@Kukiz15 @piotrapel @tvp_info czyli - moralność Kalego wiecznie żywa..
Kukiz15;2016-01-10;@Kukiz15 @piotrapel @tvp_info Niemcy baaardzo lubią Rosje i nie przeszkadza im "putinowska demojracja" w prowadzeniu intratnych interesow
Kukiz15;2016-01-10;@Kukiz15 @piotrapel @tvp_info pomijajac wszystkie "zalety" Rosji nie wiem o co im chodzi - sami niemcy cudnie dogaduja się z Rosją.
Kukiz15;2016-01-10;@Kukiz15 Tragiczna historia. Byłem z Posłem na tej rozprawie. Dobra dziecka nic nie znaczy przy procedurach sadowych.
Kukiz15;2016-01-10;@Kukiz15 @piotrapel @tvp_info jestem pewna że w tej  sprawie przy odpowiednim skoordynowaniu dzialań poparcie calego kraju jest pewne..
Kukiz15;2016-01-10;Paweł Skutecki (K'15) pomaga zdesperowanemu ojcu walczącemu o możliwość widywania córki. Sprawa ciągnie sę od 5 lat http:express.bydgoski.pl47289Zdesperowani-ojcowie-staja-murem-za-bydgoszczaninem-chca-blokowac-przejscie.html …
Kukiz15;2016-01-10;@Kukiz15 @styszka @tvn24 no raczej nie ma tu powodu do tego by być zaskoczonym..było to do przewidzenia..
Kukiz15;2016-01-10;@Kukiz15 ten pomysł należy od lat do KOD. Trzeba mu pomóc?  @gregorfox
Kukiz15;2016-01-10;@KuczynskiM @Kukiz15 ciekawe czy wie ze sportowcy systemowi bo grają systemem )
Kukiz15;2016-01-10;Polskim siatkarzom gratulujemy zwycięstwa! A Niemcy niech lepiej zajmą się swoją siatkówką a nie naszą demokracją) pic.twitter.comMxcNifkDo
Kukiz15;2016-01-10;@styszka @Kukiz15Marszałku!diabeł w szczegółach 7000 to nie problem jeśli to nie np. samotni mężczyźni w wieku 18-44ale od smyczka do...
Kukiz15;2016-01-10;@Kukiz15 @Liroy A pracownicy w korporacjach niczym niewolnicy...
Kukiz15;2016-01-10;.@Liroy jego kolejny świetny wywiad! W obronie zwykłych obywateli i na rzecz nowych polskich artystów w mediach https:www.facebook.comlubPoselskiKukiz15ideosb.32817079405184531175940417996type=2&theater … 2
Kukiz15;2016-01-10;.@Liroy:Ci którzy teraz protestują ws zwolnień dziennikarzynie protestujągdy zwalniane są kobiety w ciążyzwykli obywatele.To żenujące 1
Kukiz15;2016-01-10;@Zaj0nc @Kukiz15 Wspomną bo już świat się dowiedział
Kukiz15;2016-01-11;@Kukiz15 @JacekWilkPL @TBD_PolsatNews Ale przecież każde Państwo w EU reprezentuje interes narodowy. Tylko że liczy się DE UK FR.
Kukiz15;2016-01-11;.@JacekWilkPL (Kukiz'15) w @TBD_PolsatNews: Z prowadzenia polityki zagranicznej przez Orbana powinniśmy brać przykład.
Kukiz15;2016-01-11;.@JacekWilkPL (K'15) w @TBD_PolsatNews: Węgry pokazują że można prowadzić silną politykę zagr. jeśli jasno sprecyzuje się interes narodowy
Kukiz15;2016-01-11;@Kukiz15 @Selianski @RobertWinnicki @TAK_CZY_NIE dobrze powiedział ze Niemcy zwariowali.
Kukiz15;2016-01-11;@Kukiz15 Unia Jewropejska jest zminiaturyzowanym Związkiem Sowieckim z tzw. wolnym rynkiem. @JacekWilkPL @TBD_PolsatNews
Kukiz15;2016-01-11;.@JacekWilkPL (K15) w @TBD_PolsatNews: Dopóki nie doprowadzimy do zmiany Konst i uporządkowania kompetencji trzech władz dopóty będzie bagno
Kukiz15;2016-01-11;.@JacekWilkPL (Kukiz'15) do @ZalewskiPawel (PO) w @TBD_PolsatNews: U was miało być 3x15 a było 3xPO - POlicja POdatki POpulizm :)
Kukiz15;2016-01-11;Ciekawe co powie @Kukiz15 na słowa #Petru że "Kukiz jest podnóżkiem Kaczyńskiego"?
Kukiz15;2016-01-11;.@JacekWilkPL (K'15) w @TBD_PolsatNews: Aby w UE było jak najmniej konfliktów powinno być mniej regulacji.UE idzie w zupełnie innym kierunku
Kukiz15;2016-01-11;@Kukiz15 @RobertWinnicki @TAK_CZY_NIE To już nabrało zbyt dużych rozmiarów. W 2004 r nie było mowy że przystępujemy do UE- muzułmańskiej.
Kukiz15;2016-01-11;@Kukiz15 @RobertWinnicki @TAK_CZY_NIE . Ostatnio doszedłem do wniosku że tylko Francja jest stracona. Myliłem się Niemcy też.
Kukiz15;2016-01-11;@Kukiz15 @RobertWinnicki Pan Winnicki jest super.
Kukiz15;2016-01-11;.@RobertWinnicki z #Kukiz15 w @TAK_CZY_NIE : Narody francuskie i niemieckie są sparaliżowane polityczną poprawnością.
Kukiz15;2016-01-11;.@RobertWinnicki z #Kukiz15 w @TAK_CZY_NIE : Odpowiedzialność za kryzys imigracyjny ponosi "Herzlich Willkommen" Angela Merkel.
Kukiz15;2016-01-11;@WachPiotr @Kukiz15 Kukiz i demagogia to przeciez synonim
Kukiz15;2016-01-11;@Kukiz15 @MarekKacprzak @JacekWilkPL @TBD_PolsatNews uff dobrze że p. Wilk nie został prezydentem...
Kukiz15;2016-01-11;@Kukiz15 @MarekKacprzak @JacekWilkPL @TBD_PolsatNews UE ? W Niemczech tak wygląda demokracja na żywo https:www.youtube.comatch?v=RNS-tmIcmzE&feature=player_embedded … bez komentarza
Kukiz15;2016-01-11;.@JacekWilkPL (K'15) w @TBD_PolsatNews: To zabawnegdy o naszą demokrację pyta UE która jest jednym z najbardziej niedemokratycznych tworów
Kukiz15;2016-01-11;.@JacekWilkPL z #Kukiz15 w @TBD_PolsatNews: Kochani niemieccy sąsiedzi wy chrońcie swoje kobiety a nie naszą demokrację.
Kukiz15;2016-01-11;@Kukiz15 Damy radę w Monaco jakoś z tym żyć ) pic.twitter.comweb4BLvsa
Kukiz15;2016-01-11;@WachPiotr akurat z Brzegu i Nysy są posłowie z list @Kukiz15 niech Sanocki i @PolGrabowski się wykażą zamiast dzielić region!
Kukiz15;2016-01-11;@Kukiz15 @PolGrabowski oczywiście prawym brzegu? :p
Kukiz15;2016-01-11;Poseł Paweł @Kukiz15  - koń trojański Opolszczyzny. Argumenty wyjątkowo demagogiczne.  http:radio.opole.pl00138407odlaczyc-powiat-brzeski-i-nyski-pawel-kukiz-prop …
Kukiz15;2016-01-11;@leszek0033 @bozena48 @Kukiz15 ... decydować.
Kukiz15;2016-01-11;@leszek0033 @bozena48 @Kukiz15 Wszystko zależy od tego czy JK traktuje swój naród poważnie czy jak upośledzone dzieci za które trzeba...
Kukiz15;2016-01-11;Paweł Kukiz oświadczył że dyżury poselskie będzie pełnił nie tylko w Warszawie (z tej listy startował) ale też w swoim powiecie brzeskim:)
Kukiz15;2016-01-11;@leszek0033 @bozena48 @Kukiz15 Za duże ryzyko. A nuż PiS ludziom obrzydnie. Teraz jest szansa. Mam nadzieję że nie zostanie zmarnowana.
Kukiz15;2016-01-11;@BlackXSun @bozena48 @Kukiz15 Dekomunizacja i zakaz piastowania publicznych stanowisk. Wtedy po wyborach  znajdzie się większość.
Kukiz15;2016-01-11;@leszek0033 @bozena48 @Kukiz15 Jest szansa. Wszystko zależy od tego jak bardzo PiS jest komunistyczny. Ma większość może zrobić wszystko.
Kukiz15;2016-01-11;@BlackXSun @bozena48 @Kukiz15 Ale do puki  komuchów się nie po zbędziemy nie  ma szans  na zmianę.
Kukiz15;2016-01-11;@leszek0033 @bozena48 @Kukiz15 ... wrócą. Najpierw trzeba im uniemożliwić powrót a potem gonić.
Kukiz15;2016-01-11;@leszek0033 @bozena48 @Kukiz15 Konstytucja to podstawa utrzymania się komuchów przy władzy. Jeśli ich pogonisz a konstytucję zostawisz to...
Kukiz15;2016-01-11;@BlackXSun @bozena48 @Kukiz15 Dla mnie  najważniejsza na obecna chwile dekomunizacja. Później zmiana konstytucji.
Kukiz15;2016-01-11;Posłowie Paweł Kukiz i @PolGrabowski otwierają biuro poselskie w Brzegu! Kukiz będzie tam co najmniej raz w miesiącu http:brzeg24.plktualnosci9138-kukiz-i-grabowski-otworzyli-biuro-poselskie-w-brzegu…
Kukiz15;2016-01-11;@leszek0033 @bozena48 @Kukiz15 Dajmy Polakom prawdziwe prawo głosu a nie taką namiastkę to sami Polskę zdekomunizują raz-dwa. :)
Kukiz15;2016-01-11;@BlackXSun @bozena48 Więc @Kukiz15  niech  pomoże w dekomunizacji. Można na was Liczyć??
Kukiz15;2016-01-11;@ChruszczSyl @Kukiz15 Spokojnie są ostre i jasne kryteria ich selekcji do RP. Poczekajmy zobaczymy ilu faktycznie i kiedy przyjmiemy.
Kukiz15;2016-01-11;#Kukiz15 w #media.ch - poseł @JacekWilkPL już o 20.00 w Polsat News! https:twitter.comarekKacprzaktatus86613054260416512 …
Kukiz15;2016-01-11;@Kukiz15 panie Kukiz chcecie skończyć jak system Lobbystyczny w USA? Tam  wygrywa posiadacz większego kapitału  w kampanii prezydenckiej
Kukiz15;2016-01-11;@Kukiz15 jestem dumny że czytam to - bo teraz wiem że nikt nie oduczył myślenia młodych. Brawo.
Kukiz15;2016-01-12;@styszka oczywiście że mają. Polityczna patologia jaką prezentuje @_Nowoczesna nie może być argumentem w tej debacie. @Jolaew @Kukiz15
Kukiz15;2016-01-12;@Kukiz15 Petru mówił o Kukiz'15 jako o "podnóżku PiSu" ale on atakował wszystkich.
Kukiz15;2016-01-12;@Kukiz15 gdzie odpowiedź???
Kukiz15;2016-01-12;@KabatIwona wtedy będzie przynajmniej oficjalnie wiadomo teraz też mają extra finansowanie ale nie wiemy skąd @Kukiz15 @Ong4ku
Kukiz15;2016-01-12;.@TRzymkowski #Kukiz15: jedynym ugrupowaniem któremu zależy na konflikcie wokół TK i zbija na tym kapitał polityczny jest #Nowoczesna
Kukiz15;2016-01-12;.@TRzymkowski #Kukiz15: prezes #Rzepliński i @lis_tomasz sugerowali że jesteśmy przystawką PiS? To świadczy braku elementarnej wiedzy.
Kukiz15;2016-01-12;.@TRzymkowski (K'15): #Rzepliński przekroczył ramy swojego umocowania jako prezesa TK.Stał się publicystą.To nie jest postawa godna sędziego
Kukiz15;2016-01-12;.@TRzymkowski #Kukiz15: Oby nasza propozycja dotycząca TK została przyjęta i ten serial się zakończy.Chcemy rozmawiać o czymś konstruktywnym
Kukiz15;2016-01-12;@Kukiz15 @styszka Bo nie mial nic do powiedzenia.
Kukiz15;2016-01-12;@RobertWinnicki @jprusinowski @Kukiz15 przydałby się link do stacji z tune.in http:tunein.comadioplus 
Kukiz15;2016-01-12;Poseł #Kukiz15 @TRzymkowski i jego dzisiejszy występ w @RepublikaTV https:www.youtube.comatch?v=qvzqJZLSH5E … #media
Kukiz15;2016-01-12;Rabiej (.N) w @TAK_CZY_NIE: Pozycja PL w UE osłabła @piotrapel K'15: A była silna gdy były tak duże różnice między dopłatami rolniczymi?
Kukiz15;2016-01-12;@Kukiz15 @piotrapel @TAK_CZY_NIE A Rabiej z Pro Civili mówił coś o "działaniu na rzecz Putina"?
Kukiz15;2016-01-12;Paweł Rabiej z .N w @TAK_CZY_NIE mówi o antyniemieckiej nagonce w PL. @piotrapel z #Kukiz15 skomentował szerokim pobłażliwym uśmiechem :)
Kukiz15;2016-01-12;@PanasiukPiotr @Kukiz15 dlatego że był tt a czas PiS to z Prezydentem i programy typu 4 do 1 bramki PiS też wygrali dzięki tt
Kukiz15;2016-01-12;.@piotrapel (K'15) do Rabiej (.N) w @TAK_CZY_NIE: Kontestujemy wiele działań PiSale dalecy jesteśmy od oskarżeńże działają na rzecz Putina
Kukiz15;2016-01-12;@Kukiz15 @manakoniec Ale zdobył dwa razy więcej głosów od PSL
Kukiz15;2016-01-12; HARNAŚ POLECA... "@KRZYSZTOFPODLEC: polecam do obserwowania oficjalny profil Kukiz '15   @Kukiz15  na Twitterze" pic.twitter.comi5qUG5bd5
Kukiz15;2016-01-12;@Kukiz15 działajmy... zgodnie z zasadą... "ja to Wy a Wy to ja"
Kukiz15;2016-01-12;.@piotrapel #Kukiz15 w @TAK_CZY_NIE: To chore że w kraju w którym media ukrywają takie wydarzenia w Kolonii mówi się o putinizacji w PL
Kukiz15;2016-01-12;@Kukiz15 A jak zdrowie Pana Kornela?
Kukiz15;2016-01-12;.@piotrapel #Kukiz15 w @TAK_CZY_NIE: Mówienie o putinizacji polityki w Polsce jest co najmniej grubą przesadą. Nie zgadzam się na to.
Kukiz15;2016-01-12;.@piotrapel #Kukiz15 w @TAK_CZY_NIE: Tradycja i natura demokratyczna Polaków jest na tyle mocna że nie potrzebuje nadzorcy w postaci UE
Kukiz15;2016-01-12;@Kukiz15 Bolek to Bolek i Bolkiem już pozostanie :)
Kukiz15;2016-01-12;OOoo @TAK_CZY_NIE jest Samwell Tarly #GoT ....... znaczy się Piotr Apel z @Kukiz15 :)
Kukiz15;2016-01-12;My również polecamy ) I dziękujemy za wsparcie! https:twitter.comRZYSZTOFPODLECtatus87010912268632064 …
Kukiz15;2016-01-12;polecam do obserwowania oficjalny profil Kukiz '15   @Kukiz15  na Twitterze
Kukiz15;2016-01-12;@Kukiz15 może ktoś coś gdzieś jeszcze przechował i się bolek może zdziwić -)
Kukiz15;2016-01-12;#Kukiz jutro o 8:50 w @Graffiti_PN w Polsat News oraz o 20:00 w @KropkaNadI w @tvn24 Poranek i wieczór z Pawłem :) pic.twitter.com0kyvmw1vM
Kukiz15;2016-01-12;#Kukiz: Wałęsa chce debaty o "Bolku"? O 26 lat za późno. Nie trzeba było czekać aż pańska teczka spłonie albo zjedzą ją mole.
Kukiz15;2016-01-12;@JNizinkiewicz @SlawekNeumann @trzaskowski_ @KosiniakKamysz @RyszardPetru @Kukiz15 PBS szyje b. grubymi nićmi. To nie jest koronkarstwo
Kukiz15;2016-01-12;@lewicki_mateusz Na kogo zagłosowaliby państwo? @KukizPawelKukiz @Kukiz15 @pkukiz @Liroy @RobertWinnicki @K_Morawiecki
Kukiz15;2016-01-12;@JNizinkiewicz @SlawekNeumann @trzaskowski_ @KosiniakKamysz @RyszardPetru @Kukiz15 @PremierRP @BeataSzydlo A oni o tym wiedzą?
Kukiz15;2016-01-12;@Kukiz15 Kompletnie niemiarodajne te dane. Chciałbym zobaczyć zasięgi pozytywnego przekazu bo to jest ważny wskaźnik. Czas nic nie znaczy!
Kukiz15;2016-01-12;@5wladza Źródło: http:www.krrit.gov.plrritktualnosciews2176kto-bezstronny-kto-pluralistyczny-monitoring-wyborow-parlamentarnych-2015.html …
Kukiz15;2016-01-12;@Kukiz15 A jakieś źródło tych danych i metodologia liczenia?
Kukiz15;2016-01-12;@Kukiz15 Paweł My Naród jesteśmy z Tobą!!!!
Kukiz15;2016-01-12;@Kukiz15 ale teraz koniec z tym jak mawiał Pawlak w sami swoi. Bo taka to była tv sami swoi.
Kukiz15;2016-01-12;Dowiedzieliśmy sięże @SlawekNeumann @trzaskowski_ @KosiniakKamysz @RyszardPetru @Kukiz15 mówią jednym głosem z PiS. https:twitter.comremierRPtatus86993361312608259 …
Kukiz15;2016-01-12;@Kukiz15 to niech wreszcie się pokaże
Kukiz15;2016-01-13;@AerumnarumPlenu @Kukiz15 @e_borowskaBOJKOT fim z RFN w PL@Lidl_Polska @NewsweekPolska @RealTurkiye @TMobilePolska pic.twitter.comq76hFTwaS
Kukiz15;2016-01-13;@WrogNarodu @Kukiz15 @e_borowska tacy europejscy z was obywatele
Kukiz15;2016-01-13;@WrogNarodu @Kukiz15 @e_borowska my bronimy Polski a wy dajecie dupę za darmo i jeszcze dziękuje za wyruchanie.
Kukiz15;2016-01-13;@PrusikTomasz @Kukiz15 @e_borowska skamle w brukseli do no si ciel !
Kukiz15;2016-01-13;@Kukiz15 @greg_sustain @e_borowska a kto zapłaci te podatki?
Kukiz15;2016-01-13;@Kukiz15 @e_borowska Już teraz wiem skąd B Kempa bierze wenę twórczą do wygłaszania bzdetów ekonomicznych.
Kukiz15;2016-01-13;@WrogNarodu @Kukiz15 @e_borowska ma racje z tym co mowi
Kukiz15;2016-01-13;@Kukiz15 @PrusikTomasz @e_borowska jej rozum odebralo czy go nigdy nie miala ?
Kukiz15;2016-01-13;@Kukiz15 @soalann @e_borowska Lubię Was!
Kukiz15;2016-01-13;.@jakubiak_marek z #Kukiz15 o ujawnieniu faktu inwigilowania dziennikarzy po publikacji nagrań "u Sowy". https:twitter.comakubiak_marektatus87391175179923457 …
Kukiz15;2016-01-13;@_uncle_jun @Kukiz15 @e_borowska no to mi ulżyło 
Kukiz15;2016-01-13;@Kukiz15 @tvp_info wreszcie macie swój czas antenowy ! Powodzenia !
Kukiz15;2016-01-13;Świetny dzisiejszy występ posła #Kukiz15 Jerzego #Jachnik.a w debacie w @tvp_info w programie "Minęła dwudziesta" http:vod.tvp.pl33146803012016-2012 …
Kukiz15;2016-01-13;@czlowieczka @yyaann17 @PawelLejman @Kukiz15 @e_borowska ... Ja nie mam siły tłumaczyćmoże ktoś inny wytłumaczy
Kukiz15;2016-01-13;@_uncle_jun @Kukiz15 @e_borowska napewno nie ten najgorszy sort
Kukiz15;2016-01-13;@Zacny_Tomek @yyaann17 @PawelLejman @Kukiz15 @e_borowska "Przygarniemy". Bleh. Dlaczego niby?
Kukiz15;2016-01-13;Poseł i wiceszef #Kukiz15 @jakubiak_marek w wieczornej debacie w @RepublikaTV https:www.youtube.comatch?v=m4TY2W_MqUo …
Kukiz15;2016-01-13;@czlowieczka @yyaann17 @PawelLejman @Kukiz15 @e_borowska gdzie napisałem przetestuje?za dopisywanie mi nie moich słów banuje...
Kukiz15;2016-01-13;@Zacny_Tomek @yyaann17 @PawelLejman @Kukiz15 @e_borowska Prosz. pic.twitter.comkw2jpMVhK
Kukiz15;2016-01-13;@AnnaSiarkowska ale Pani powinna szukać tych możliwości i nie być posłanką regionu tylko pracować w komisji dla całości SZ RP  @Kukiz15
Kukiz15;2016-01-13;@czlowieczka @yyaann17 @PawelLejman @Kukiz15 @e_borowska przygarnę do partii to takie seksualne?P gdzie napisałem przetestuje?
Kukiz15;2016-01-13;@Zacny_Tomek @yyaann17 @PawelLejman @Kukiz15 @e_borowska "Przygarniemy" i "przetestujemy" jak bezwolną łanię? A może pani Was przygarnie?
Kukiz15;2016-01-13;@norad39 kto by chciał cię kupić ? @Kukiz15 @e_borowska
Kukiz15;2016-01-13;@czlowieczka @yyaann17 @PawelLejman @Kukiz15 @e_borowska wskaż mi te aluzje w moim wykonaniu)
Kukiz15;2016-01-13;@T_Bogusz poczytaj komentarze pod tym  @Kukiz15 @e_borowska
Kukiz15;2016-01-13;@Kukiz15 to Państwo w Państwie będą trzymać stołków będzie kwik..!
Kukiz15;2016-01-13;@czlowieczka @yyaann17 @PawelLejman @Kukiz15 @e_borowska przepraszam bardzo gdzie ja dałem takową aluzje?)czekam na przeprosiny...
Kukiz15;2016-01-13;@Kukiz15 @e_borowska ludzie trzymajcie mnie.Takich idiotyzmów w całym życiu nie słyszałem.Nie dla mnie.Może lepiej w TV @TV_Trwam? UWIERZĄ!
Kukiz15;2016-01-13;@Zacny_Tomek A ja tam czytam jakieś paraseksualne aluzje. Tak samo z Panami kolega ma? :) @yyaann17 @PawelLejman @Kukiz15 @e_borowska
Kukiz15;2016-01-13;@Kukiz15 ost 7dni. największy zasięg & interakcja w sieci Max dzienny zasięg 1MLN @styszka @piotrapel @nmaliszewski pic.twitter.com1TpToNfLI
Kukiz15;2016-01-13;@czlowieczka @yyaann17 @PawelLejman @Kukiz15 @e_borowska dostaniesz 1 w krakowskim)pasuje?P
Kukiz15;2016-01-13;@czlowieczka @yyaann17 @PawelLejman @Kukiz15 @e_borowska nieto polityk i tak traktuje tego człowieka)
Kukiz15;2016-01-13;@Zacny_Tomek @PawelLejman @Kukiz15 @e_borowska ..nie spotkałem
Kukiz15;2016-01-13;@yyaann17 @PawelLejman @Kukiz15 @e_borowska a tak na serio pytaniektoś w Pl traktuje poważnie tą partie Kukiza?P
Kukiz15;2016-01-13;@yyaann17 @Zacny_Tomek Zbanuję panów za przedmiotowe traktowanie kobiet. To nie jest blond wołowina!  @PawelLejman @Kukiz15 @e_borowska
Kukiz15;2016-01-13;@czajtameki @Kukiz15 Z przyjemnością będę wizytować JW jak tylko będzie okazja. Szczególnie chętnie garnizon Siedlce:))
Kukiz15;2016-01-13;@Emi_gratka01 @Kukiz15 u nas  podzieje się..dzisiejszym prokuratorom 
Kukiz15;2016-01-13;@Zacny_Tomek @PawelLejman @Kukiz15 @e_borowska ..ale wpier musi odbyć staż...członkowski :-)
Kukiz15;2016-01-13;@PawelLejman @yyaann17 @Kukiz15 @e_borowska to jak mości panowiezakładamy partię i ją przygarniemy?)
Kukiz15;2016-01-13;@Kukiz15 @e_borowska mądre słowa POpaprańcy sprzedali nas za przysłowiową czapke grochu!
Kukiz15;2016-01-14;@ParlamentarnyPL @Kukiz15 @partia_korwin mamy *wolność* religijną w polsce. Muzłumanie też.
Kukiz15;2016-01-14;@Kukiz15 @styszka @BeataSzydlo A może by tak wreszcie coś zrobić konkretnego z wyzyskiem w Polsce? pic.twitter.comQ0D2zTYSQ
Kukiz15;2016-01-14;@Kukiz15 Frekwencja powinna być duża. Byle nie było to pytanie typu "Czy popierasz dotychczasowe rozwiązania unijne ws napływu imigrantów?".
Kukiz15;2016-01-14;Jutro o 8:13 @jakubiak_marek w @RadiowaTrojka w programie "Salon polityczny". Zapraszamy! #Kukiz15 w #media.ch
Kukiz15;2016-01-14;@Kukiz15 Akcję popieram ale trochę drogo. Przydałaby się wcześniej ustawa o e-votingu Liroya.
Kukiz15;2016-01-14;@motaboy_pl @Kukiz15 to w jaki inny sposób chcesz wymóc zmianę decyzji i wzmóc presję ?
Kukiz15;2016-01-14;@Kukiz15 @N_Kaczmarczyk @trzaskowski_ Jechać po tych burakach! Jeszcze z 2 sondaże i wyprzedzicie PO.
Kukiz15;2016-01-14;.@tvn24 przestało pokazywać zmianę poparcia boli @_Nowoczesna o1pkt% i  @Kukiz15 o 3pkt% #PompujemyRyśka pic.twitter.comZtMvIO6FA
Kukiz15;2016-01-14;@Kukiz15 @N_Kaczmarczyk @trzaskowski_ Dobre 20
Kukiz15;2016-01-14;@Kukiz15 Chce w tej sprawie Referendum. Popieram to gdyż zgadzam się że w kampanii była inna gadka PP @BeataSzydlo https:twitter.comoska_atatus87737212742557696 …
Kukiz15;2016-01-14;Poseł #Kukiz15 @N_Kaczmarczyk w odpowiedzi do @trzaskowski_: Pan chyba woli niemiecką kuchnię...może kebab? ) pic.twitter.com72Dx0CWza
Kukiz15;2016-01-14;Petru goni Kaczyńskiego http:newsowi.plktualnosci910-petru-goni-kaczynskiego … @_Nowoczesna @RyszardPetru @pisorgpl @Platforma_org @sldpoland @nowePSL @Kukiz15 #sondaż
Kukiz15;2016-01-14;@Kukiz15 @TomaszBalus połączyłbym z tzw."brexitem" do UE.
Kukiz15;2016-01-14;@Kukiz15 @BarbaraS_1953 Bez populizmu spokojnie ciszej jedziesz dalej dojedziesz Jakub K jechał głośno i dojechał w Lublinie spoko
Kukiz15;2016-01-14;@BarbaraS_1953 @Kukiz15 a wyniki wysłać do KE
Kukiz15;2016-01-14;@Anarsie @Kukiz15  To ważne i naród powinien się wypowiedzieć - dość poprawności politycznej !!!
Kukiz15;2016-01-14;@Kukiz15 @BarbaraS_1953 popieram w końcu to procedura najbardziej demokratyczna
Kukiz15;2016-01-14;@Kukiz15 @TomaszBalus Bez sensu. To czysta sprawa. Ktoś nie zna wyniku? Strata pieniędzy - kto z pamięci poda trzy pytania Brąka ?
Kukiz15;2016-01-14;@kukiz15 Węgiel i Lasy: http:www.prawy.pl-kraju2274-polski-wegiel-jest-bardziej-ekologiczny-niz-rosyjski-gazi … + http:biznesalert.plaimski-nikt-nie-chce-w-ue-kolejnej-awantury-o-polityce-klimatycznej-i-polskim-gornictwie…
Kukiz15;2016-01-14;Pan @N_Kaczmarczyk @Kukiz15 zaserwował kebab na ostro. Kogoś pewnie piecze. pic.twitter.comCUFE9fJqG
Kukiz15;2016-01-14;@Kukiz15 teraz referendum nie ma sensu. Najpierw zapis żeby było wiążące dopiero szastanie kasą. Wiadomo że większość nie chcę uchodźców.
Kukiz15;2016-01-14;@Kukiz15 Ciekawe co by było jak byśmy zagłosowali  My Obywatele  na wojne. Na przykład z Niemcami. Mamy #DemokracjeReprezentacyjną.
Kukiz15;2016-01-14;@Kukiz15 Proponuję przy okazji pytanie o wyjście z Unii. Na pewno podziałałoby profrekwencyjnie.
Kukiz15;2016-01-14;Niebawem przekonamy się kto w tak ważnej sprawie chce słuchać Was Obywateli a kto chce Wam taką możliwość zabrać. pic.twitter.comim6cXHO2s
Kukiz15;2016-01-14;@JarekJarecki88 @Kukiz15 @styszka ta ustawa powstrzyma urzędy skarbowe. Do 75 tys. zł przychodu nie będzie podatku więc US są zbędne.
Kukiz15;2016-01-14;@PolGrabowski @PopPolityk nie ma co walczyć z kolejną sondażownią :) Tym bardziej że @Kukiz15 zanotował 50% wzrost
Kukiz15;2016-01-14;@Kukiz15 @piotrapel Wy tu gadu gadu a niemiecka Interia wali na 1ce wywiad z volksdeutchem który chce oderwać Śląsk od Polski.
Kukiz15;2016-01-14;@Kukiz15 @piotrapel Bo to jest Gość tak jak olbrzymia większość z K'15 i PiS. Od kilku miesięcy wierzę że się da!
Kukiz15;2016-01-14;@J_Piechota @pisorgpl @_Nowoczesna @Platforma_org @Kukiz15 Zapomnieli o trzeciej cyfrze przy Nowoczesnej.
Kukiz15;2016-01-14;Poseł @piotrapel. Bo każdy z nas ma w sobie coś z dziecka :) #Kukiz15 na wesoło ) pic.twitter.com4LoGLtHNH
Kukiz15;2016-01-14;#PILNE: Najnowszy sondaż popracia dla partii politycznych#Fakty @pisorgpl @_Nowoczesna @Platforma_org @Kukiz15 pic.twitter.com70tWVvz3E
Kukiz15;2016-01-14;@Kukiz15 @jakubiak_marek W fabryce VW Poznań szefostwo zgodziło się na Związki Zawodowe ale nie na terenie zakładu i nie w godzinach pracy
Kukiz15;2016-01-14;@Kukiz15 wystąpił z projektem @pisorgpl powinien to poprzeć. Zatem po ustawie 1066. :)) http:niezalezna.pl4970-w-sejmie-ustawa-uchylajaca-bratnia-pomoc-kukiz-nie-chce-niemieckich-jednostek-w-polsce …
Kukiz15;2016-01-14;@Kukiz15 @Liroy Pan Piotr to najbardziej rozsądny posel Kukiz15? Duże prawdopodobieństwo.
Kukiz15;2016-01-14;@Kukiz15 JA TEŻ - KTO CHCE WYŁACZENIA JAWNOSCI? KASA MA SIE SYPAĆ POD ŁAWKAMI POSELSKIMI?
Kukiz15;2016-01-14;Poseł Bartosz #Józwiak @Kukiz15 - Wystąpienie z dnia 14 stycznia 2016 roku. http:videosejm.plideo657-posel-bartosz-jozwiak-wystapienie-z-dnia-14-stycznia-2016-roku#.VpfX_pDFPIw.twitter …
Kukiz15;2016-01-14;Posłowie #Kukiz15 przeciwko zamknięciu kuluarów #Sejm.u dla mediów.  https:twitter.comolGrabowskitatus87684850950746112 …
Kukiz15;2016-01-14;.@Liroy: Dziennikarze są łącznikiem między parlamentarzystami a elektoratem. Społeczeństwo ma niezbywalne prawo wiedzieć co my tu robimy
Kukiz15;2016-01-14;.@Liroy #Kukiz15 Kuluary Sejmu zamknięte dla prasy? Media powinny mieć swobodny dostęp. Pomagają aby obywatele dowiedzieli się jak pracujemy
Kukiz15;2016-01-14;@lucash6a @Kukiz15 jest z PiS czy nie? 
Kukiz15;2016-01-15;https:www.youtube.comatch?v=ACPrVMJg_34 … @DWielowieyska @MaxTVTop10 @tvp_info @KurskiPL @Kukiz15 Dominiki nie ma już wśród nas [*] #puenta #resortowedzieci
Kukiz15;2016-01-15;@Kukiz15 @jakubiak_marek i o to chodzi! Nie tracić energii
Kukiz15;2016-01-15;Cieszymy się że coraz głośniej o naszej konferencji i sprzeciwie wobec patologii marnotrawstwa publicznych pieniędzy http:fakty.interia.plolskaews-kukiz-15-chce-ciecia-budzetu-panstwowej-inspekcji-pracynId1955120 …
Kukiz15;2016-01-15;.@jakubiak_marek #Kukiz15: Skoro Niemcy nie przejmują się tym co my o nich mówimy to i my nie powinniśmy się przejmować co mówią o nas oni
Kukiz15;2016-01-15;@Kukiz15 popieram was w 100% :-)
Kukiz15;2016-01-15;.@jakubiak_marek #Kukiz15 do @MarcinSwiecicki #PO Po co podsłuchiwać miliony Polaków!Po co?! Odpowiedź: nagraliśmy 2mln rozmów a nie Polaków
Kukiz15;2016-01-15;@jakubiak_marek @Kukiz15 Petru to chory człowiek i trzeba mu wybaczyć natomiast liderów PO zgolić głowy i na miasto
Kukiz15;2016-01-15;.@jakubiak_marek: Przy takiej modzie na podsłuchiwanie chodzi już nie tylko o przepisy które można obchodzić ale i o mentalność urzędników
Kukiz15;2016-01-15;.@jakubiak_marek @tvp_info: Jeśli organy śledcze nie będą radzić sobie z aferą inwigilowania dziennikarzy poprzemy wniosek o komisję śledczą
Kukiz15;2016-01-15;@Kukiz15 @jakubiak_marek @e_borowska @ralberski brawo p debacie budżetowej jestem z was dumny
Kukiz15;2016-01-15;#Sondaż: @pisorgpl ma większe poparcie niż w wyborach @_Nowoczesna @Platforma_org daleko w tyle @Kukiz15 w Sejmie http:wsensie.plummy-category-2tem0741-sondaz-pis-ma-wieksze-poparcie-niz-w-wyborach-nowoczesna-daleko-w-tyle …
Kukiz15;2016-01-15;@Kukiz15 praca i merytoryka gwarancja sukcesu @jakubiak_marek @e_borowska
Kukiz15;2016-01-15;@jakubiak_marek @e_borowska @ralberski mamy nadziejęże udało nam się przekonać do naszych racji:)jeśli nie to dalej ciężko na to pracujemy!
Kukiz15;2016-01-15;@Kukiz15 kto dokładnie z @tvp_info zadał takie pytanie Panu @jakubiak_marek?
Kukiz15;2016-01-15;Poseł @piotrapel  (@Kukiz15) o TVP: Chęć dołączenia do Salonów doprowadziła do patologii [WYWIAD] http:wsensie.plummy-category-2tem0742-piotr-apel-kukiz-15-o-tvp-chec-dolaczenia-do-salonow-doprowadzila-do-patologii-wywiad …
Kukiz15;2016-01-15;@Kukiz15 @jakubiak_marek @tvp_info  zero podatków plus dopłaty tak jak inwestycje zachodnie otrzymywały
Kukiz15;2016-01-15;.@jakubiak_marek do wątpiącej #Lubnauer z .N: 1% przychodowy zamiast CIT. Załatwi sprawę. Mam to policzone. Proszę przkazać panu Ryszardowi.
Kukiz15;2016-01-15;Red. @tvp_info pyta @jakubiak_marek kto będzie płacił podatki gdy je tak uprościmy(!?) Jakubiak: Wszyscy.UCZCIWIE. Proponujemy 1%przychodowy
Kukiz15;2016-01-15;.@jakubiak_marek w @tvp_info Uprośćmy podatki a agencje ratingowe obniżające te swoje literki złapią się za głowę że inwestorzy do nas pędzą
Kukiz15;2016-01-15;Z tej całej grupy w #Forum jakoś ufam tylko @jakubiak_marek z @Kukiz15. Praktyk z dużym doświadczeniem w biznesie.
Kukiz15;2016-01-15;@Kukiz15 @jakubiak_marek @tvp_info oraz jedne z najniższych - parzcież gdy przebijemy Luksemburg cała Europa przeniesie do nas firmy!
Kukiz15;2016-01-15;@styszka @Kukiz15 Wyprowadzić alkohol z Sejmu.To miejsce pracy .Wprowadzić alkotesty!
Kukiz15;2016-01-15;@Kukiz15 @jakubiak_marek @tvp_info i o to chodzi !!!
Kukiz15;2016-01-15;.@jakubiak_marek (K'15) w @tvp_info Namawiam #PiS aby podatki w PL były tak proste abyśmy na rynku podatków w Europie byli najatrakcyjniejsi
Kukiz15;2016-01-15;@partia_korwin i @Kukiz15 razem przeciw szariatowi. „Beata Szydło będzie miała polską krew na rękach”: http:wmeritum.plorwin-i-kukiz15-razem-przeciw-szariatowi-beata-szydlo-bedzie-miala-polska-krew-na-rekach…
Kukiz15;2016-01-15;@styszka @Kukiz15 Zakazać całkowicie picia w sejmie!!!.W której pracy można pić?.Obowiązkowe dmuchanie w alkomat przed wejściem do sejmu!.
Kukiz15;2016-01-15;@styszka @Kukiz15 poważnie tak zakłada? no chyba ktoś tu przesadza - czysty stalinizm?
Kukiz15;2016-01-15;@styszka @Kukiz15 Papierosy są główną działalnością grup przestępczychteraz znów dojdzie do tego alkohol.Smutne że ktoś nie ma wyobraźni.
Kukiz15;2016-01-15;@tvp_info @_Nowoczesna @Kukiz15 CBOS!!!??? Ile razy miałem okazję słuchać Dr Tomasza Żukowskiego to niewielu jest tak  zajadłych PiSloverów
Kukiz15;2016-01-15;@ErykMistewicz @iar_pr @CBOS_Info @pisorgpl @_Nowoczesna @Platforma_org @Kukiz15 to chyba w Cebosie też zmienili prezesa...
Kukiz15;2016-01-15;@tvp_info @cezarykrysztopa @pisorgpl @_Nowoczesna @Kukiz15 CBOS dalej łże. Swetru i dwucyfrowy wynik? GROTESKA.
Kukiz15;2016-01-15;@tvp_info @pisorgpl @_Nowoczesna @Kukiz15 Zapewne kaczor w gore bo ludzie kurwa slepi sa i nie widzs co sie dzieje....
Kukiz15;2016-01-15;@tvp_info @pisorgpl @_Nowoczesna @Kukiz15 Nie przypominam sobie by po wygranej #PO co chwila w TV były emitowane sondaże...
Kukiz15;2016-01-15;W górę .@pisorgpl @_Nowoczesna i @Kukiz15. PO w dół. Styczniowy sondaż #CBOS-uhttp:tinyurl.comwozmjy 
Kukiz15;2016-01-15;@tvp_info @Kukiz15 @pisorgpl Jak by ktoś miał wątpliwości że to bydlaki które powinno się izolować w zagrodach: http:goo.gl2xhnD 
Kukiz15;2016-01-15;Kolejny bardzo ważny projekt @Kukiz15 (po TK wybieranym 2 sejmu i likwidacji ustawy 1066 "o bratniej pomocy"). https:twitter.comukiz15tatus87727864800743424 …
Kukiz15;2016-01-15;@tvp_info @Kukiz15 @pisorgpl Najpierw pozwólmy repatriantom wrócić do ojczyzny. Muzułmańskim barbarzyńcom powiedzmy stanowczo: won!
Kukiz15;2016-01-15;@Kukiz15 to prawda - bez wyjatku
Kukiz15;2016-01-15;.@CBOS_Info sondaż: 39 proc. dla @pisorgpl 22 proc. dla @_Nowoczesna 13 proc. @Platforma_org i 9 proc. @Kukiz15 http:www.parlamentarny.pliadomoscms4230.html …
Kukiz15;2016-01-15;@AnnaGodzwon @Kukiz15 @RobertWinnicki @PolskieRadio24 a to dlaczego?
Kukiz15;2016-01-16;@Kukiz15 Życzę Panu Kornelowi szybkiego powrotu do zdrowia .Jest Pan Nam potrzebny !
Kukiz15;2016-01-16;@Kukiz15 właściwy człowiek we wlasciwym miejscu. Czyli PiS zrobi wszystko po swojemu?
Kukiz15;2016-01-16;@Kukiz15 Naprawdę jeszcze nie znieśli tak szkodliwej ustawy?!!
Kukiz15;2016-01-16;@Kukiz15 @pkukiz @7DzienTygodnia @Radio_ZET @tvn24 @piotrapel @tvp_info Juz zdrowy widze:)to szykuje sie nam duzo utubowych masakr na jutro.
Kukiz15;2016-01-16;@Kukiz15 @sycylia6 ustawa 1066 o "pomocy" niemieckiej policji w Polsce powinna być jak najszybciej anulowana
Kukiz15;2016-01-16;@Kukiz15 @pkukiz Taka z Pana Panie Kukiz opozycja jak z ZSL za Gierka. Albo z Jarozbawa K. 13 grudnia 1981 roku.
Kukiz15;2016-01-16;@Kukiz15 prosimy o informację czy Marszałek czuje się lepiej i czy wyszedł ze szpitala? https:twitter.comolantaMaria2tatus88482426448777216 …
Kukiz15;2016-01-16;@pkukiz  jutro biegnie maraton:9:00 @7DzienTygodnia w @Radio_ZET   10:45 @tvn24  + @piotrapel  w @tvp_info 9:45 pic.twitter.comJhEJXjGSG
Kukiz15;2016-01-16;Panie @styszka zapamiętamy że razem z @pisorgpl partia @Kukiz15 deptała demokrację.
Kukiz15;2016-01-16;@piotrapel @modrzeWD40 @Kukiz15 ale bardzo mi sie podoba jak pan sie wypowiada..merytorycznie..kulturalnie  widziałem kilka razy w studio
Kukiz15;2016-01-16;@modrzeWD40 @Gnoj2013 @Kukiz15 nic z tych rzeczy.. Prosze sie przyjrzeć na kzdym zdjeciu mam takie oczy.. Tylko puder w tv pomaga )
Kukiz15;2016-01-16;@Kukiz15 Wszyscy narzekali że jest źle .Nikt nie powiedziałże to 8 lat rządów  PO narobiło takiego bałaganu.Miałem wrażenie że to za PiS.
Kukiz15;2016-01-16;@Kukiz15 @styszka Nie widzicie  różnicy czy  gra na PR bo Nowoczesna wymiata ?
Kukiz15;2016-01-16;@piotrapel @Gnoj2013 @Kukiz15 zrozumieć Polską politykę bez spożycia % trudne jest )
Kukiz15;2016-01-16;@jolkep_jk @007_marek @Kukiz15 @styszka Smoleńsk to rzeczywiście inna kategoria
Kukiz15;2016-01-16;@Anarsie @007_marek @Kukiz15 @styszka Chodziło przede wszystkim o Smoleńsk i było to wysłuchanie. O wybory samorządowe z 2014 r. również.
Kukiz15;2016-01-16;@Kukiz15 Może Pan @styszka powinien dowiedzieć się w jakich sprawach PIS występował do UE aby nie mówić bzdur.
Kukiz15;2016-01-16;@Kukiz15 @Muraszcz @styszka 2 działanie na szkodę państwa?
Kukiz15;2016-01-16;@Kukiz15 @Muraszcz @styszka 1 Czy gdyby potwierdziła się informacja u udziale Petru i Szczurka w przygotowaniu rating S&P to nie zachodzi
Kukiz15;2016-01-16;@Kukiz15 @styszka Głupota w Pana wypowiedzi jest gołębicą i lata PO internecie. To żenujące.
Kukiz15;2016-01-16;@Gnoj2013 Może spożył. :-) @piotrapel @Kukiz15
Kukiz15;2016-01-16;@Gnoj2013 Pan Piotr sprawia na mnie korzystne wrażenie.Nie atakuj go ad personam!  @piotrapel @Kukiz15
Kukiz15;2016-01-16;@007_marek @Kukiz15 @styszka chodzi pewnie o wybory samorządowe a nie Smoleńsk i zgadzam się PiS popełnił błąd
Kukiz15;2016-01-16;@Kukiz15 @styszka Smoleńsk to było jednak coś innego. Rozczarowujące to co pokazaliście tym razem.
Kukiz15;2016-01-16;Wicemarszałek Sejmu @styszka z #Kukiz15 na temat donosicielstwa na Polskę w wykonaniu naszych partii politycznych. pic.twitter.comoq5YezX9d
Kukiz15;2016-01-16;@Kukiz15 jest o wiele częściej.. bardziej bałabym się odpowiedzialności przed Bogiem niż książeczką którą przecież mozna zmienić..
Kukiz15;2016-01-16;@AnnaFanslau Dziękujemy bardzo przekażemy :)
Kukiz15;2016-01-16;@Kukiz15 teraz jak jest to sprawa oczywista to jacys pseudopatrioci krzyczą  zeby nie łamać konstytucji.. toż to nie dekalog ...a ten łamany
Kukiz15;2016-01-16;@Kukiz15 Proszę przekazać serdeczne życzenia zdrowia Panu Kornelowi!
Kukiz15;2016-01-16;@Kukiz15 ze konstytucje trzeba zmienic... o dziwo przed wyborami procz was o zmianie konstytucji mowilo wielu kandydatów na prezydenta.
Kukiz15;2016-01-16;@Kukiz15 działania Pisu pokazały jasno jak pochrzaniona jest ta nasza konstytucja. I dobrze że pis zrobił bałagan  bo widać jak na dłoni
Kukiz15;2016-01-16;@Kukiz15 @MaZwiercan następnym razem żeby pomieścić wszystkich na Narodowym trzeba będzie zrobić 
Kukiz15;2016-01-16;@Kukiz15 @MaZwiercan  Oglądałam w necie.
Kukiz15;2016-01-16;Zainteresowanie Konferencją na rzecz Nowej Konstytucji przerosło nasze oczekiwaniazgłoszeń od ponad 700 osób sala mogła gościć jedynie 350
Kukiz15;2016-01-16;@Kukiz15 zdrowia!!!!!!
Kukiz15;2016-01-16;Dzisiejsza Konferencja pt.„Konstytucja - Wymiar Sprawiedliwości i Obywatele” na zdj. przemawia @MaZwiercan #Kukiz15 pic.twitter.comZatOn8Nm0
Kukiz15;2016-01-16;Przewodniczącym Zespołu Poselskiego na rzecz Nowej Konstytucji jest Kornel Morawiecki niestety ze względu na pobyt w szpitalu był nieobecny
Kukiz15;2016-01-16;@Kukiz15 @MaZwiercan odczytała list od dr Kornela #Morawieckiego do uczestników konferencji. @oloziolo
Kukiz15;2016-01-16;Dziś w #Sejm.ie odbyła się Konferencja Poselskiego Zespołu na rzecz Nowej Konstytucji z #Kukiz15 obecni @MaZwiercan #Jachnik #Zyska #Mordak
Kukiz15;2016-01-16;@Kukiz15 I znowu jest powód do wyrażenia Wam szacunku! Dzięki.
Kukiz15;2016-01-17;@JanekLasocki @Kukiz15 Mógłby poprosić o rezygnację "starych".Albo nowych.To nie wyjście z sytuacji.Wyjście-likwidacja starego TK 1 .
Kukiz15;2016-01-17;@a_posen @Kukiz15 Jakie pytanie referendum by bylo? AD moglby poproic by nowi sedziowie zrezygnowali
Kukiz15;2016-01-17;@JanekLasocki Nie oceniam kto zawinił.Oceniam syt. prawną.Ruchy KE mogą ją tylko bardziej skompl.Ulica podobnie.Może referend. wg @Kukiz15 ?
Kukiz15;2016-01-17;@styszka @Kukiz15 posrane komunistyczne dziadostwo rozdające kasę nie swoja obcym
Kukiz15;2016-01-17;@styszka @Kukiz15 może tak doradca MSZ weźmie prywatny kredyt i zacznie wtedy rozdawać ? wtedy sobie może pisać - odda nie odda pasożyt !!
Kukiz15;2016-01-17;@BEATA_SO @Kukiz15 @jakubiak_marek  Popieram w 100 %
Kukiz15;2016-01-17;@Kukiz15  Z was taka partia antysystemowa jak ten suchar o ratingu dowcipny przystawko z baru mlecznego.
Kukiz15;2016-01-17;@Kukiz15 ŻĄDAM USTAWY O OGRANICZENIU WYSOKOŚCI ZAGRANICZNEGO UDZIAŁU W MEDIACH POLSKICH---- NIEMIECKICH DO 10 % !!!!!!!
Kukiz15;2016-01-17;@Kukiz15 @jakubiak_marek ŻĄDAM USTAWY O OGRANICZENIU WYSOKOŚCI ZAGRANICZNEGO UDZIAŁU W MEDIACH POLSKICH---- NIEMIECKICH DO 10 % !!!!!!!
Kukiz15;2016-01-17;@ArturDziambor @styszka @Kukiz15 Taniej wesprzeć Ukrainę niż mieć Ruskich na Bugu. Kto nie rozumie nie powinien się wypowiadać o polit. zagr
Kukiz15;2016-01-17;@ArturDziambor @styszka @Kukiz15 A to nie chodzi przypadkiem o swap walutowy a nie pożyczkę?
Kukiz15;2016-01-17;@styszka No i co ważne: ile obietnic wyborczych PiS można było za te bezzwrotną zapomogę zrealizować? O tym mówią tylko posłowie @Kukiz15 :(
Kukiz15;2016-01-17;Podobno rating Polski po wygranym meczu z Macedonią poszedł w górę. Czekamy na oficjalne dane !
Kukiz15;2016-01-17;@Kukiz15 dali radę ostatnie dwie minuty mega rozprężenie 
Kukiz15;2016-01-17;@Kukiz15 @pkukiz to donosicielstwo jest sprzeczne ze wszystkim co okreska człowieka przyzwoitego..nie tylko z rwcja stanu..
Kukiz15;2016-01-17;@Kukiz15 @pkukiz @7DzienTygodnia wiarygodność rowna jest wiarygidnosci tych co skarźą swoj kraj..
Kukiz15;2016-01-17;@Kukiz15 na razie to w przerwie :bigler powinien zje**ac o większą koncentracje...
Kukiz15;2016-01-17;@aarniss @Kukiz15 @pkukiz Jedyne prawdziwe referenda to referenda lokalne! Obserwuj @referendumlokal i @ZakrzewskiTom
Kukiz15;2016-01-17;GlińskiGrabarczyk i Bielecki w składzie to jak na razie zbyt mało na Macedończyków!Trzymamy kciuki za zwycięstwo Polaków! #potrafiszpolsko
Kukiz15;2016-01-17;@gregorfox @Kukiz15 ten policjant powinien stracić pracę  jeżeli jest takim debilem
Kukiz15;2016-01-17;#Kukiz15 w #media.ch - występy naszych posłów podsumowanie tygodnia https:www.facebook.comlubPoselskiKukiz15osts33080463560877:0 … pic.twitter.comM46oQWN3b
Kukiz15;2016-01-17;@77Fidelio @Kukiz15 ano właśnie czynnik ludzki jest tu kluczowy. Podstawą prawna jest i nikt karku nie podłoży za tabliczkę
Kukiz15;2016-01-17;@Kukiz15 chce umożliwić rolnikom prowadzenie sprzedaży bezpośredniej: http:wmeritum.plukiz15-chce-umozliwic-rolnikom-prowadzenie-sprzedazy-bezposredniej-2…
Kukiz15;2016-01-17;@Prawdawny @Kukiz15 Poseł niewiele tu może poza uprzejmą sugestią.
Kukiz15;2016-01-17;@Prawdawny @Kukiz15 Oczywiście ale generalnie to jest sprawa do rozstrzygnięcia przez samorząd ewentualnie sąd.
Kukiz15;2016-01-17;@77Fidelio @Kukiz15 zakładając że przy kontakcie bezp np radni będą popierali taką tabliczkę. Wydaje mi się że szybko by znikła ich decyzją
Kukiz15;2016-01-17;@Prawdawny @Kukiz15 No to wtedy musisz skarżyć uchwałę do sądu albo prosić radę o uchylenie uchwały ale poseł tu nie ma specjalnych praw.
Kukiz15;2016-01-17;@77Fidelio @Kukiz15 najłatwiej propagowanie totalitaryzmu
Kukiz15;2016-01-17;@Prawdawny Nie to nie fikcja zresztą mówiłeś o narzędziach prawnych więc je po prostu wymień ok? @Kukiz15
Kukiz15;2016-01-17;@77Fidelio @gregorfox @Kukiz15 przecież to fikcja...
Kukiz15;2016-01-17;@gregorfox @KWyszkowski @Kukiz15 kiedy te symbole w koncu znikna z przestrzeni ?
Kukiz15;2016-01-17;@Prawdawny Dlatego też władze samorządu są wybierane w wyborach bezpośrednich. @gregorfox @Kukiz15
Kukiz15;2016-01-17;@Prawdawny Nie nie ma samodzielność samorządu jest chroniona konstytucyjnie może najwyżej żądać informacji. @gregorfox @Kukiz15
Kukiz15;2016-01-17;@polskathetimes @Kukiz15 @TJaskola Warszyc to bohater ...ale widocznie nie dla tych panów
Kukiz15;2016-01-17;@77Fidelio @gregorfox @Kukiz15 jako poseł nie ma wpływu na samorząd? Bez żartów! Po telefonie z Sejmu radni by się wypróżnili że tak powiem
Kukiz15;2016-01-17;@polskathetimes @Comisarex1 @Kukiz15 @TJaskola to jest okupacja która trwa do dzisiaj ponadto ponownie okupują nas faszyści pohitlerowscy
Kukiz15;2016-01-17;@Prawdawny O ile ten projekt w sprawie symboliki totalitarnej wszedł w życie bo generalnie to domena samorządu. @gregorfox @Kukiz15
Kukiz15;2016-01-17;@polskathetimes @Kukiz15 @TJaskola kretynizm polityczny KuPiS15
Kukiz15;2016-01-17;@77Fidelio @gregorfox @Kukiz15 epitet zbędny a narzędzia prawne teraz ma spore
Kukiz15;2016-01-17;Poseł @Kukiz15 @TJaskola wdał się w szarpaninę z policją. Chciał zawiesić tablicę http:www.polskatimes.plrtykul299716czestochowa-posel-jaskola-przepychal-sie-z-policja-ktora-bronila-tablicy-z-sierpem-i-mlotemidt.html … pic.twitter.comOf7UP4mwr
Kukiz15;2016-01-18;.@piotrapel z #Kukiz15 o 8:05 u @Bartosz_Kurek w @PolsatNewsPL #NowyDzień oglądajcie :)
Kukiz15;2016-01-18;@Kukiz15 @TAK_CZY_NIE @MKierwinski @JacekWilkPL może mówił prawdę - ICH finanse są w świetnym stanie :)))
Kukiz15;2016-01-18;na wiosne bedziemy miec tu drugie Niemcy jak granice zamkną przed imigrantami w Polsce nic sie nie robi nie uszczelnia granic! @Kukiz15
Kukiz15;2016-01-18;@Kukiz15 @BMelanisdottir @JacekWilkPL @TAK_CZY_NIE Czy to wskaźniki zielonej wyspy świeżo zaoranej?
Kukiz15;2016-01-18;@Kukiz15 @KukizArmy @JacekWilkPL @MKierwinski długiem nie ma się co martwic wkrótce wojna i reset zobowiązań :D
Kukiz15;2016-01-18;@Kukiz15 @JacekWilkPL @TAK_CZY_NIE @LadyEmbar Trza ogłosić upadłość państwa tyle naszego że takiej procedury nie ma i da się wyzerować :D
Kukiz15;2016-01-18;@Kukiz15 @LadyEmbar @JacekWilkPL @TAK_CZY_NIE  No są ale cały świat ma problem nie tylko my. Kiedyś trzeba będzie zrobić globalny reset.
Kukiz15;2016-01-18;Cudne! @TAK_CZY_NIE @MKierwinski #PO Nasze finanse są w znakomitym stanie! @JacekWilkPL #Kukiz15 To dlaczego wzięliście 150mld z OFE?(cisza)
Kukiz15;2016-01-18;.@JacekWilkPL #Kukiz15 w @TAK_CZY_NIE: Finanse PL są w tragicznym stanie: dług jawny ok.bilion zł. Ukryty - ok. 3 biliony. W sumie = 200%PKB
Kukiz15;2016-01-18;#Kukiz15 vs #PO w @TAK_CZY_NIE @MKierwinski (triumfalnie) System bankowy jest stabilny @JacekWilkPL (śmiech) Bo pożyczamy od niego miliardy
Kukiz15;2016-01-18;@Kukiz15 @JacekWilkPL @TAK_CZY_NIE znacjonalizować
Kukiz15;2016-01-18;@Kukiz15 @JacekWilkPL @MKierwinski jakie 100% !!! - dług 8 lat temu to ok 350mld teraz minimum 13 bln!!!
Kukiz15;2016-01-18;#Kukiz15 vs #PO w @TAK_CZY_NIE: @MKierwinski O naszym długu wolałbym rozmawiać w relacji do PKB @JacekWilkPL To dodajcie do tego dług ukryty
Kukiz15;2016-01-18;@Kukiz15 @JacekWilkPL @TAK_CZY_NIE PiS kiedyś zmniejszył do dziś jest za to ośmieszany
Kukiz15;2016-01-18;@Kukiz15 @jakubiak_marek chyba nie...
Kukiz15;2016-01-18;.@JacekWilkPL #Kukiz15 do @MKierwinski #PO Deficyt #PiS rekordowy-55mldale ws zadłużania też uderzcie się w pierś-zwiększyliście dług o100%
Kukiz15;2016-01-18;@Kukiz15 @JacekWilkPL @TAK_CZY_NIE następne likwidacja koncesji certyfikatów ograniczenie instytucji kontrolnych-ogrom zadań do realizacji
Kukiz15;2016-01-18;.@JacekWilkPL #Kukiz15 @TAK_CZY_NIE: Obecny system podatkowy nadaje się tylko do wyrzucenia i zbudowania od nowa.Z zupełnie nowym podejściem
Kukiz15;2016-01-18;.@JacekWilkPL #Kukiz15 w @TAK_CZY_NIE: Gdybyśmy zlikwidowali podatki dochodowe PIT i CIT to udałoby się znacznie zmniejszyć szarą strefę
Kukiz15;2016-01-18;@Kukiz15 @JacekWilkPL @TAK_CZY_NIE Za proste żeby przeszło przez sito starych "fachoWCów" - obecnie w resorcie MF p.o. ekspertów dyrektor.
Kukiz15;2016-01-18;.@JacekWilkPL #Kukiz15 w @TAK_CZY_NIE: postulujemy likwidację szkodliwych i nieefektywnych CIT oraz PIT i zastąpienie podatkiem przychodowym
Kukiz15;2016-01-18;@Kukiz15 @pkukiz Brak doświadczenia to pikuś. Brak wiedzy opowiadanie bzdur sprzecznych z faktami moralność cenzora (20 l. w.) to już coś.
Kukiz15;2016-01-18;@Kukiz15 @JacekWilkPL @TAK_CZY_NIE W Polsce pieniędzy jest tyle że każdy miałby nadwagę. Problem w złym dzieleniu tych pieniędzy.
Kukiz15;2016-01-18;.@JacekWilkPL #Kukiz15 w @TAK_CZY_NIE: Państwo powinno budować system podatkowy na zasadzie: powszechności równości prostoty opodatkowania
Kukiz15;2016-01-18;.@JacekWilkPL w @TAK_CZY_NIE: Banki w PL dużo zarabiają na państwie i konkurencyjność wśród nich jest mniejszastąd duże opłaty dla klientów
Kukiz15;2016-01-18;.@JacekWilkPL #Kukiz15 w @TAK_CZY_NIE: w Polsce banki zarabiają tak wiele bo wiele pożycza od nich państwo.
Kukiz15;2016-01-18;@Kukiz15 Chciałabym aby Pan @pkukiz zawsze tak się się wypowiadał. To mi się podoba.
Kukiz15;2016-01-18;@Kukiz15 @pkukiz Czy on wie co mówi  czy tylko tak gada?
Kukiz15;2016-01-18;@Val1Morgulis3 @Kukiz15 @pkukiz Doświadczenie Balcerowicza ojca chrzesnego "swetru"
Kukiz15;2016-01-18;@Kukiz15 @pkukiz Swiete slowa.
Kukiz15;2016-01-18;.@pkukiz : "Dziękuję nie chcę takiego doświadczenia" pic.twitter.com06008jwu2
Kukiz15;2016-01-18;Jakubiak (@Kukiz15): Panie Tusk co to jest moralność? [WIDEO]#Kukiz #Jakubiak #Tuskhttp:wsensie.plsensie-tvtem0791-jakubiak-kukiz-15-co-to-jest-moralnosc-panie-tusk-wideo …
Kukiz15;2016-01-18;Zawstydzające kulisy targu o #media. @Kukiz15: "Mieliśmy dostać całą #TVP2!" http:natemat.pl68579ruch-kukiza-chce-calej-tvp2-inaczej-skonczy-sie-nasze-popieranie-pis-w-sprawie-mediow-i-nie-tylko … #antysystemowcy #polityka
Kukiz15;2016-01-18;@Kukiz15 @styszka Chodzi o list Ziobry ? dla mnie to jedyna rzecz ktora zrobil dobrze  ten czlowiek.
Kukiz15;2016-01-18;Jak pan #prezes karze tak też podaję :)Czyli co? Jednak projekt @Kukiz15 ?Byłoby dobrze.#TK #Kaczyński  https:twitter.comisorgpltatus89098263803359237 …
Kukiz15;2016-01-18;@Kukiz15 @jakubiak_marek @tvp_info .Niezadowolona ??
Kukiz15;2016-01-18;.@jakubiak_marek w @tvp_info: #Nowoczesna jest zadowolona gdy jest źle i niezadowolona gdy jest dobrze. Coś jest nie tak z tą nowoczesnością
Kukiz15;2016-01-18;@Kukiz15 @styszka Widać u Pana doświadczenie w polityce i jest moc.Żenua.
Kukiz15;2016-01-18;.@styszka #Kukiz15 o kontroli PL przez KE:dyplomacja PiS b.słabaa zachowanie Tuska i Bieńkowskiej wręcz antypolskie pic.twitter.com0nzAGU9jF
Kukiz15;2016-01-18;@Kukiz15 @jakubiak_marek @PolsatNewsPL Nie oglądam polszajsu.
Kukiz15;2016-01-19;@Waldek483804521 @Kukiz15 @e_borowska @tvp_info I tak przyzwyczaili się ale czas to zmienić.
Kukiz15;2016-01-19;@Selianski @Kukiz15 @e_borowska @tvp_info a jak mieli nas traktować przy takich elytach z plebsu jsk tusk wałęsa kopacz?
Kukiz15;2016-01-19;19 01 2016 przejdzie do historii jako wielki ) W Krakowie wygraliśmy z Francją a w Strasburgu z Niemcami.
Kukiz15;2016-01-19;@kukiz15 @maciejewski11 jedyny sensowny komentarz dla całego EP pic.twitter.comwpXb3A3gV
Kukiz15;2016-01-19;Jutrzejszy poranek z #Kukiz15:@AgaScigaj o 8:05 w @tvn24 we "Wstajesz i wiesz"@JacekWilkPL o 8:05 w @RepublikaTV w "Prosto w oczy"
Kukiz15;2016-01-19;@Kukiz15 @Maciejewski11  Trudno było i tego problemu nie zauważyć.
Kukiz15;2016-01-19;.@Maciejewski11 #Kukiz15 o tymże decydenci z UE tuszują swoją nieudolność(np ws imigrantów) tematem demokracji w PL pic.twitter.comkH6Ub4Dr0
Kukiz15;2016-01-19;@Kukiz15 @e_borowska szkodaże nie ma w stosunku do władzy czegos takie jak znane w cywilistyce unormowanie"przekroczenia granic umocowania"
Kukiz15;2016-01-19;.@e_borowska @tvp_info Chcemy referendum ws imigrantów.Wyrzucenie 100mlnbo jasneże Polacy powiedzą nie?To dlaczego chcecie ich sprowadzić!
Kukiz15;2016-01-19;@Kukiz15 Ale dzisiaj dostali lekcję. Trzeba przyznać że polska prawicaonserwa pokazała jak się zjednoczyć gdy Ojczyzna w potrzebie.
Kukiz15;2016-01-19;.@e_borowska @tvp_info Niemcy niech się nie dziwiąże reagujemy nerwowogdy chcą nas uczyć demokracji. Kiedyś nie wchodzili tu po demokrację
Kukiz15;2016-01-19;.@e_borowska #Kukiz15 @tvp_info Z Niemcami problem jest taki że nie traktują nas jak partnera tylko kogoś komu trzeba udzielać rad i rugać
Kukiz15;2016-01-19;@Kukiz15 @e_borowska @tvp_info tak ale można przyznać premier nie dała się poniżyć cwaniakom .A teraz co dalej?? Instytucja posła musi być
Kukiz15;2016-01-19;.@e_borowska #Kukiz15 w @tvp_info Obecny spór polityczny służy dwóm stronom (#PO i #PiS)trwa od lat.Teraz został przeniesiony do Brukseli
Kukiz15;2016-01-19;Już na pocz.#Minęła20 zarysow.się różnica klas(szkół): frazesywypow. na bezdechu przez @moanrosa vs trzeźwa riposta @e_borowska (@Kukiz15)
Kukiz15;2016-01-19;@Kukiz15 @jakubiak_marek @tvp_info nie nie Nowoczesna trzeźwo ocenia rzeczywistość i mówi ludzkim językiem
Kukiz15;2016-01-19;@wSensie @Kulesza_pl @Kukiz15 w ogole do Polski
Kukiz15;2016-01-19;Poseł Jakub @Kulesza_pl: #Tusk po takich wypowiedziach będzie miał problem z powrotem do polskiej polityki @Kukiz15http:www.wsensie.plsensie-tvtem0819-kulesza-kukiz-15-tusk-wideo …
Kukiz15;2016-01-19;.@jakubiak_marek #Kukiz15 do #PiS: Uderzcie się we własne piersi - można tak działać żeby nie wywoływać nienawiści pic.twitter.com5Vm9KQKyf
Kukiz15;2016-01-19;@Kukiz15 @e_borowska Zgadnijcie kto będzie dziś Gościem Wydarzeń w PolSat. Podpowiedzbył dzisiaj w kontrwywiadzie RMF nie zgadniecie.
Kukiz15;2016-01-20;@AgaScigaj @Kukiz15 logiczne rozwiązanie problemu z "uwzględnieniem tradycji i historii" ponizej via @piotrapel pic.twitter.comIssrpGlXn
Kukiz15;2016-01-20;@AgaScigaj @Kukiz15 2 Granie na emocjach i występy w mediach są łatwiejsze od rowiązywania problemów. Pozdrawiam.
Kukiz15;2016-01-20;@AgaScigaj @Kukiz15 W 10tke Pani trafiła. Niestety emocje niektórym "politykom" zagłuszają zdrowy rozsądek. 1
Kukiz15;2016-01-20;@Kukiz15 @AgaScigaj ciekawe ile osób zrezygnowało z telewizji przez nich
Kukiz15;2016-01-20;@aarniss @Kukiz15 parszywieje? cóż za epitet? nikt mu nie pisze...mówi jak jest ale niektórym po 25 latach trzeba już tłumacza :)
Kukiz15;2016-01-20;@Kukiz15 @jakubiak_marek @tvp_info a morawiecki to dopiero bankster 
Kukiz15;2016-01-20;@RLawrynowicz @Kukiz15 oops faktycznie jest nad czym myśleć...wystarczyło mi 20 lat ..język nie nadąża i czas antenowy sie kończy
Kukiz15;2016-01-20;@Kukiz15 @pkukiz chodząca reklama antykoncepcji
Kukiz15;2016-01-20;@piotrapel @Kukiz15 @TAK_CZY_NIE Szymanski z PiS ? dajmy szanse Waszczykowskiemu dopiero zaczal.
Kukiz15;2016-01-20;@zumarek @Kukiz15 a nie może być logika rozwiązanie problemu i dobro naszego kraju z uwzględnieniem tradycji i historii?
Kukiz15;2016-01-20;@Kukiz15 @piotrapel ewolucja Petru vs. ewolucja marksisty @TAK_CZY_NIE pic.twitter.comwDm4RAHTo
Kukiz15;2016-01-20;@Kukiz15 @pkukiz  jak @_Nowoczesna  mogła sie skarżyć nie bedąc obecna w europarlamencie ?
Kukiz15;2016-01-20;@Kukiz15 @piotrapel Schemat władzy @_Nowoczesna : B'naiB'Rith (loża Polin) => George Soros => Andrzej Olechowski => Rysiek Petru #klonPO
Kukiz15;2016-01-20;@FilipMemches @Kukiz15 ale sa rewelacyjni ludzie.. Panstwowcy
Kukiz15;2016-01-20;@Val1Morgulis3 @Kukiz15 @TAK_CZY_NIE duzo lepszy bylby K. #Szymanski
Kukiz15;2016-01-20;@Kukiz15 @piotrapel Co do biednych uchodźców to pełno jest w necie memów na ten temat #dobry_ziomek_imigrant :) pic.twitter.comh1fxG9umR
Kukiz15;2016-01-20;@piotrapel @Kukiz15 brakuje spojnego przekazu :-)
Kukiz15;2016-01-20;@Kukiz15 @piotrapel @TAK_CZY_NIE Min.Waszczykowski daje rade a w porownaniu do poprzednikow to jest mistrzem.
Kukiz15;2016-01-20;@_Boreyko_ @Kukiz15 @piotrapel jej zachowanie wskazuje na cechy niedop...
Kukiz15;2016-01-20;@Kukiz15 @piotrapel Brak ekonomicznego sensu tkwienia w eurokołchozie. Jest interes polityczny do którego dopłacamy. pic.twitter.comHZrzNdreI
Kukiz15;2016-01-20;@Kukiz15 @piotrapel Czyżby G-Pihowicz chciała być ubogacona kulturowo przez młodych jurnych Arabów?
Kukiz15;2016-01-20;@Kukiz15 @piotrapel Polakom nie zabraknie odwagi i determinacji aby wystąpić z UE. Warto przypomnieć: https:youtu.begm3_BLDMuY  #euroRealizm
Kukiz15;2016-01-20;@Kukiz15 @piotrapel niestety nie wybrzmiało "mądrala" zagadała  )
Kukiz15;2016-01-20;@FilipMemches alternatywa dla PiS jest @Kukiz15
Kukiz15;2016-01-20;@Kukiz15 @piotrapel Taki głód i ubóstwo intelektualne w tej wypowiedzi że przy czytaniu zasysa mózg.
Kukiz15;2016-01-20;@Kukiz15 @pkukiz Rysiek sam nie daje rady więc kazali Pawełkowi przyjść mu z pomocą...
Kukiz15;2016-01-20;G-Pihowicz .N Nie da się zbudować muruktórego głodna matka i dziecko nie przeskoczą @piotrapel Ale tam są mężczyźni w moim wieku #imigranci
Kukiz15;2016-01-20;@Kukiz15 @pkukiz w przypadku samorzadowych to był ewidentny przekret.....
Kukiz15;2016-01-20;Jak nie walka z Francją na Mistrzostwach Europy to walka z donosicielstwem. @pkukiz pic.twitter.com97JXrWklN
Kukiz15;2016-01-20;@Kukiz15 @jakubiak_marek @tvp_info Jeszcze parę tego typu wypowiedzi i pomyślę że znowu was aktywowali bo Rychu sam nie daje już rady...
Kukiz15;2016-01-20;@Kukiz15 @piotrapel @TAK_CZY_NIE I z tym trudno się nie zgodzić.
Kukiz15;2016-01-20;.@piotrapel w @TAK_CZY_NIE: Jesteśmy jednym z krajów które współtworzą UE i mamy prawo przedstawiać swoje wizje jej funkcjonowania
Kukiz15;2016-01-20;@Kukiz15 @jakubiak_marek @tvp_info Panie Marku trzeba pracować dla dobra PL a nie mowić. N ma jeden cel władza
Kukiz15;2016-01-20;@Kukiz15 @piotrapel @TAK_CZY_NIE czy ten czy inny z PiS jeśli nie gra po myśli Niemiec skazany jest na klęskę ! pic.twitter.comgqnPYJQKo
Kukiz15;2016-01-20;@Kukiz15 @jakubiak_marek @tvp_info przecież powiedzieli wyraźnie że chcą ten rząd uwalić
Kukiz15;2016-01-20;@Kukiz15 @piotrapel @TAK_CZY_NIE nie bo donosiciele mieli lepszych znajomych w UE niż MSZ chociaż On nie jest orłem riposty:)i metafory:)
Kukiz15;2016-01-20;@Kukiz15 @piotrapel @TAK_CZY_NIE Przecież to kompletna bzdura.
Kukiz15;2016-01-20;.@piotrapel w @TAK_CZY_NIE: #PiS w dyplomacji jak słoń w składzie porcelany. Lepszy min.spraw zagr. mógłby sprawićże nie doszłoby do debaty
Kukiz15;2016-01-20;.@piotrapel #Kukiz15 w @TAK_CZY_NIE: Szczęśliwie racja stanu w postaci dobrego wizerunku PL w UE obroniona ocena merytoryczna #PiS gorsza
Kukiz15;2016-01-20;@Kukiz15 Pomożecie? pic.twitter.com7bBiWSpIO